[{"model": "admin.logentry", "pk": 1, "fields": {"action_time": "2023-04-25T04:32:28.449Z", "user": 1, "content_type": 11, "object_id": "1", "object_repr": "Новый сайт", "action_flag": 1, "change_message": "[{\"added\": {}}]"}}, {"model": "admin.logentry", "pk": 2, "fields": {"action_time": "2023-04-25T04:32:52.194Z", "user": 1, "content_type": 11, "object_id": "2", "object_repr": "Новость вторая", "action_flag": 1, "change_message": "[{\"added\": {}}]"}}, {"model": "admin.logentry", "pk": 3, "fields": {"action_time": "2023-04-25T04:33:56.820Z", "user": 1, "content_type": 7, "object_id": "1", "object_repr": "Услуги", "action_flag": 1, "change_message": "[{\"added\": {}}]"}}, {"model": "admin.logentry", "pk": 4, "fields": {"action_time": "2023-04-25T04:34:26.287Z", "user": 1, "content_type": 7, "object_id": "2", "object_repr": "Наши работы", "action_flag": 1, "change_message": "[{\"added\": {}}]"}}, {"model": "admin.logentry", "pk": 5, "fields": {"action_time": "2023-04-25T04:35:02.992Z", "user": 1, "content_type": 7, "object_id": "3", "object_repr": "Наши специалисты", "action_flag": 1, "change_message": "[{\"added\": {}}]"}}, {"model": "admin.logentry", "pk": 6, "fields": {"action_time": "2023-04-25T04:35:27.983Z", "user": 1, "content_type": 7, "object_id": "4", "object_repr": "Акции", "action_flag": 1, "change_message": "[{\"added\": {}}]"}}, {"model": "admin.logentry", "pk": 7, "fields": {"action_time": "2023-04-25T04:35:49.144Z", "user": 1, "content_type": 7, "object_id": "5", "object_repr": "Цены", "action_flag": 1, "change_message": "[{\"added\": {}}]"}}, {"model": "admin.logentry", "pk": 8, "fields": {"action_time": "2023-04-25T04:38:50.449Z", "user": 1, "content_type": 7, "object_id": "6", "object_repr": "Статьи", "action_flag": 1, "change_message": "[{\"added\": {}}]"}}, {"model": "admin.logentry", "pk": 9, "fields": {"action_time": "2023-04-25T04:38:59.744Z", "user": 1, "content_type": 7, "object_id": "6", "object_repr": "Статьи", "action_flag": 2, "change_message": "[{\"changed\": {\"fields\": [\"Order\"]}}]"}}, {"model": "admin.logentry", "pk": 10, "fields": {"action_time": "2023-04-25T04:44:24.200Z", "user": 1, "content_type": 7, "object_id": "7", "object_repr": "О нас", "action_flag": 1, "change_message": "[{\"added\": {}}]"}}, {"model": "admin.logentry", "pk": 11, "fields": {"action_time": "2023-04-25T04:44:27.714Z", "user": 1, "content_type": 7, "object_id": "6", "object_repr": "Статьи", "action_flag": 2, "change_message": "[{\"changed\": {\"fields\": [\"Order\"]}}]"}}, {"model": "admin.logentry", "pk": 12, "fields": {"action_time": "2023-04-25T04:45:03.635Z", "user": 1, "content_type": 7, "object_id": "8", "object_repr": "Контакты", "action_flag": 1, "change_message": "[{\"added\": {}}]"}}, {"model": "admin.logentry", "pk": 13, "fields": {"action_time": "2023-04-25T04:50:54.817Z", "user": 1, "content_type": 7, "object_id": "9", "object_repr": "Отзывы", "action_flag": 1, "change_message": "[{\"added\": {}}]"}}, {"model": "admin.logentry", "pk": 14, "fields": {"action_time": "2023-04-25T06:53:15.531Z", "user": 1, "content_type": 7, "object_id": "3", "object_repr": "Наши специалисты", "action_flag": 2, "change_message": "[{\"changed\": {\"fields\": [\"Is active\"]}}]"}}, {"model": "admin.logentry", "pk": 15, "fields": {"action_time": "2023-04-25T06:53:22.852Z", "user": 1, "content_type": 7, "object_id": "3", "object_repr": "Наши специалисты", "action_flag": 2, "change_message": "[{\"changed\": {\"fields\": [\"Is active\"]}}]"}}, {"model": "admin.logentry", "pk": 16, "fields": {"action_time": "2023-04-25T07:16:43.254Z", "user": 1, "content_type": 15, "object_id": "1", "object_repr": "Блок 101", "action_flag": 1, "change_message": "[{\"added\": {}}]"}}, {"model": "admin.logentry", "pk": 17, "fields": {"action_time": "2023-04-25T07:31:02.972Z", "user": 1, "content_type": 15, "object_id": "2", "object_repr": "Блок 102", "action_flag": 1, "change_message": "[{\"added\": {}}]"}}, {"model": "admin.logentry", "pk": 18, "fields": {"action_time": "2023-04-25T07:31:10.558Z", "user": 1, "content_type": 15, "object_id": "1", "object_repr": "Блок 101", "action_flag": 2, "change_message": "[{\"changed\": {\"fields\": [\"ID div\"]}}]"}}, {"model": "admin.logentry", "pk": 19, "fields": {"action_time": "2023-04-25T07:33:39.205Z", "user": 1, "content_type": 8, "object_id": "1", "object_repr": "Главная", "action_flag": 1, "change_message": "[{\"added\": {}}, {\"added\": {\"name\": \"\\u0421\\u0432\\u044f\\u0437\\u044c page-contentblock\", \"object\": \"Page_content_blocks object (1)\"}}, {\"added\": {\"name\": \"\\u0421\\u0432\\u044f\\u0437\\u044c page-contentblock\", \"object\": \"Page_content_blocks object (2)\"}}]"}}, {"model": "admin.logentry", "pk": 20, "fields": {"action_time": "2023-04-25T07:43:10.315Z", "user": 1, "content_type": 15, "object_id": "1", "object_repr": "Блок 101", "action_flag": 2, "change_message": "[{\"changed\": {\"fields\": [\"\\u041a\\u043e\\u043d\\u0442\\u0435\\u043d\\u0442\"]}}]"}}, {"model": "admin.logentry", "pk": 21, "fields": {"action_time": "2023-04-25T07:43:51.723Z", "user": 1, "content_type": 15, "object_id": "1", "object_repr": "Блок 101", "action_flag": 2, "change_message": "[{\"changed\": {\"fields\": [\"\\u041a\\u043e\\u043d\\u0442\\u0435\\u043d\\u0442\"]}}]"}}, {"model": "admin.logentry", "pk": 22, "fields": {"action_time": "2023-04-25T07:46:14.906Z", "user": 1, "content_type": 15, "object_id": "1", "object_repr": "Блок 101", "action_flag": 2, "change_message": "[{\"changed\": {\"fields\": [\"\\u041d\\u0430\\u0437\\u0432\\u0430\\u043d\\u0438\\u0435 \\u0431\\u043b\\u043e\\u043a\\u0430\"]}}]"}}, {"model": "admin.logentry", "pk": 23, "fields": {"action_time": "2023-04-25T08:21:55.901Z", "user": 1, "content_type": 15, "object_id": "1", "object_repr": "Блок 101", "action_flag": 2, "change_message": "[{\"changed\": {\"fields\": [\"ID div\"]}}]"}}, {"model": "admin.logentry", "pk": 24, "fields": {"action_time": "2023-04-25T08:34:49.848Z", "user": 1, "content_type": 7, "object_id": "1", "object_repr": "Услуги", "action_flag": 2, "change_message": "[{\"changed\": {\"fields\": [\"\\u0413\\u043b\\u0430\\u0432\\u043d\\u043e\\u0435 \\u043c\\u0435\\u043d\\u044e\", \"\\u041c\\u043e\\u0431\\u0438\\u043b\\u044c\\u043d\\u043e\\u0435 \\u043c\\u0435\\u043d\\u044e\", \"\\u0424\\u0443\\u0442\\u0435\\u0440 \\u043c\\u0435\\u043d\\u044e\", \"\\u0414\\u0440\\u0443\\u0433\\u043e\\u0435 \\u043c\\u0435\\u043d\\u044e\"]}}]"}}, {"model": "admin.logentry", "pk": 25, "fields": {"action_time": "2023-04-25T08:35:04.660Z", "user": 1, "content_type": 7, "object_id": "2", "object_repr": "Наши работы", "action_flag": 2, "change_message": "[{\"changed\": {\"fields\": [\"\\u0413\\u043b\\u0430\\u0432\\u043d\\u043e\\u0435 \\u043c\\u0435\\u043d\\u044e\", \"\\u041c\\u043e\\u0431\\u0438\\u043b\\u044c\\u043d\\u043e\\u0435 \\u043c\\u0435\\u043d\\u044e\", \"\\u0424\\u0443\\u0442\\u0435\\u0440 \\u043c\\u0435\\u043d\\u044e\", \"\\u0414\\u0440\\u0443\\u0433\\u043e\\u0435 \\u043c\\u0435\\u043d\\u044e\"]}}]"}}, {"model": "admin.logentry", "pk": 26, "fields": {"action_time": "2023-04-25T08:35:09.545Z", "user": 1, "content_type": 7, "object_id": "3", "object_repr": "Наши специалисты", "action_flag": 2, "change_message": "[{\"changed\": {\"fields\": [\"\\u0413\\u043b\\u0430\\u0432\\u043d\\u043e\\u0435 \\u043c\\u0435\\u043d\\u044e\", \"\\u041c\\u043e\\u0431\\u0438\\u043b\\u044c\\u043d\\u043e\\u0435 \\u043c\\u0435\\u043d\\u044e\", \"\\u0424\\u0443\\u0442\\u0435\\u0440 \\u043c\\u0435\\u043d\\u044e\", \"\\u0414\\u0440\\u0443\\u0433\\u043e\\u0435 \\u043c\\u0435\\u043d\\u044e\"]}}]"}}, {"model": "admin.logentry", "pk": 27, "fields": {"action_time": "2023-04-25T08:35:14.207Z", "user": 1, "content_type": 7, "object_id": "4", "object_repr": "Акции", "action_flag": 2, "change_message": "[{\"changed\": {\"fields\": [\"\\u0413\\u043b\\u0430\\u0432\\u043d\\u043e\\u0435 \\u043c\\u0435\\u043d\\u044e\", \"\\u041c\\u043e\\u0431\\u0438\\u043b\\u044c\\u043d\\u043e\\u0435 \\u043c\\u0435\\u043d\\u044e\", \"\\u0424\\u0443\\u0442\\u0435\\u0440 \\u043c\\u0435\\u043d\\u044e\", \"\\u0414\\u0440\\u0443\\u0433\\u043e\\u0435 \\u043c\\u0435\\u043d\\u044e\"]}}]"}}, {"model": "admin.logentry", "pk": 28, "fields": {"action_time": "2023-04-25T08:38:46.453Z", "user": 1, "content_type": 7, "object_id": "5", "object_repr": "Цены", "action_flag": 2, "change_message": "[{\"changed\": {\"fields\": [\"\\u0413\\u043b\\u0430\\u0432\\u043d\\u043e\\u0435 \\u043c\\u0435\\u043d\\u044e\", \"\\u041c\\u043e\\u0431\\u0438\\u043b\\u044c\\u043d\\u043e\\u0435 \\u043c\\u0435\\u043d\\u044e\", \"\\u0424\\u0443\\u0442\\u0435\\u0440 \\u043c\\u0435\\u043d\\u044e\"]}}]"}}, {"model": "admin.logentry", "pk": 29, "fields": {"action_time": "2023-04-25T08:38:46.456Z", "user": 1, "content_type": 7, "object_id": "7", "object_repr": "О нас", "action_flag": 2, "change_message": "[{\"changed\": {\"fields\": [\"\\u0413\\u043b\\u0430\\u0432\\u043d\\u043e\\u0435 \\u043c\\u0435\\u043d\\u044e\", \"\\u041c\\u043e\\u0431\\u0438\\u043b\\u044c\\u043d\\u043e\\u0435 \\u043c\\u0435\\u043d\\u044e\", \"\\u0424\\u0443\\u0442\\u0435\\u0440 \\u043c\\u0435\\u043d\\u044e\"]}}]"}}, {"model": "admin.logentry", "pk": 30, "fields": {"action_time": "2023-04-25T08:38:46.458Z", "user": 1, "content_type": 7, "object_id": "6", "object_repr": "Статьи", "action_flag": 2, "change_message": "[{\"changed\": {\"fields\": [\"\\u0413\\u043b\\u0430\\u0432\\u043d\\u043e\\u0435 \\u043c\\u0435\\u043d\\u044e\", \"\\u041c\\u043e\\u0431\\u0438\\u043b\\u044c\\u043d\\u043e\\u0435 \\u043c\\u0435\\u043d\\u044e\", \"\\u0424\\u0443\\u0442\\u0435\\u0440 \\u043c\\u0435\\u043d\\u044e\"]}}]"}}, {"model": "admin.logentry", "pk": 31, "fields": {"action_time": "2023-04-25T08:38:46.460Z", "user": 1, "content_type": 7, "object_id": "8", "object_repr": "Контакты", "action_flag": 2, "change_message": "[{\"changed\": {\"fields\": [\"\\u0413\\u043b\\u0430\\u0432\\u043d\\u043e\\u0435 \\u043c\\u0435\\u043d\\u044e\", \"\\u041c\\u043e\\u0431\\u0438\\u043b\\u044c\\u043d\\u043e\\u0435 \\u043c\\u0435\\u043d\\u044e\"]}}]"}}, {"model": "admin.logentry", "pk": 32, "fields": {"action_time": "2023-04-25T08:38:46.461Z", "user": 1, "content_type": 7, "object_id": "9", "object_repr": "Отзывы", "action_flag": 2, "change_message": "[{\"changed\": {\"fields\": [\"\\u0413\\u043b\\u0430\\u0432\\u043d\\u043e\\u0435 \\u043c\\u0435\\u043d\\u044e\", \"\\u041c\\u043e\\u0431\\u0438\\u043b\\u044c\\u043d\\u043e\\u0435 \\u043c\\u0435\\u043d\\u044e\"]}}]"}}, {"model": "admin.logentry", "pk": 33, "fields": {"action_time": "2023-04-25T11:18:13.876Z", "user": 1, "content_type": 7, "object_id": "1", "object_repr": "Услуги", "action_flag": 2, "change_message": "[{\"changed\": {\"fields\": [\"Url\"]}}]"}}, {"model": "admin.logentry", "pk": 34, "fields": {"action_time": "2023-04-25T11:18:58.079Z", "user": 1, "content_type": 7, "object_id": "1", "object_repr": "Услуги", "action_flag": 2, "change_message": "[{\"changed\": {\"fields\": [\"Url\"]}}]"}}, {"model": "admin.logentry", "pk": 35, "fields": {"action_time": "2023-04-25T11:19:27.613Z", "user": 1, "content_type": 6, "object_id": "1", "object_repr": "Услуги", "action_flag": 1, "change_message": "[{\"added\": {}}]"}}, {"model": "admin.logentry", "pk": 36, "fields": {"action_time": "2023-04-25T11:21:49.126Z", "user": 1, "content_type": 9, "object_id": "1", "object_repr": "Протезирование зубов", "action_flag": 1, "change_message": "[{\"added\": {}}]"}}, {"model": "admin.logentry", "pk": 37, "fields": {"action_time": "2023-04-25T11:22:55.837Z", "user": 1, "content_type": 9, "object_id": "2", "object_repr": "Лечение зубов", "action_flag": 1, "change_message": "[{\"added\": {}}]"}}, {"model": "admin.logentry", "pk": 38, "fields": {"action_time": "2023-04-25T11:23:05.635Z", "user": 1, "content_type": 7, "object_id": "1", "object_repr": "Услуги", "action_flag": 2, "change_message": "[{\"changed\": {\"fields\": [\"\\u0420\\u0443\\u0431\\u0440\\u0438\\u043a\\u0430\"]}}]"}}, {"model": "admin.logentry", "pk": 39, "fields": {"action_time": "2023-04-25T13:41:54.382Z", "user": 1, "content_type": 6, "object_id": "2", "object_repr": "Статьи", "action_flag": 1, "change_message": "[{\"added\": {}}]"}}, {"model": "admin.logentry", "pk": 40, "fields": {"action_time": "2023-04-25T13:42:24.192Z", "user": 1, "content_type": 9, "object_id": "3", "object_repr": "Новая статья", "action_flag": 1, "change_message": "[{\"added\": {}}]"}}, {"model": "admin.logentry", "pk": 41, "fields": {"action_time": "2023-04-25T13:50:07.768Z", "user": 1, "content_type": 7, "object_id": "6", "object_repr": "Статьи", "action_flag": 2, "change_message": "[{\"changed\": {\"fields\": [\"\\u0420\\u0443\\u0431\\u0440\\u0438\\u043a\\u0430\"]}}]"}}, {"model": "admin.logentry", "pk": 42, "fields": {"action_time": "2023-04-25T14:03:28.769Z", "user": 1, "content_type": 15, "object_id": "3", "object_repr": "Блок 201", "action_flag": 1, "change_message": "[{\"added\": {}}]"}}, {"model": "admin.logentry", "pk": 43, "fields": {"action_time": "2023-04-25T14:03:33.007Z", "user": 1, "content_type": 8, "object_id": "2", "object_repr": "Контакты", "action_flag": 1, "change_message": "[{\"added\": {}}, {\"added\": {\"name\": \"\\u0421\\u0432\\u044f\\u0437\\u044c page-contentblock\", \"object\": \"Page_content_blocks object (3)\"}}]"}}, {"model": "admin.logentry", "pk": 44, "fields": {"action_time": "2023-04-25T14:08:54.348Z", "user": 1, "content_type": 15, "object_id": "1", "object_repr": "Блок 101", "action_flag": 2, "change_message": "[{\"changed\": {\"fields\": [\"\\u041a\\u043e\\u043d\\u0442\\u0435\\u043d\\u0442\"]}}]"}}, {"model": "admin.logentry", "pk": 45, "fields": {"action_time": "2023-04-25T15:00:06.308Z", "user": 1, "content_type": 15, "object_id": "2", "object_repr": "Блок 102", "action_flag": 2, "change_message": "[{\"changed\": {\"fields\": [\"\\u041d\\u0430\\u0437\\u0432\\u0430\\u043d\\u0438\\u0435 \\u0431\\u043b\\u043e\\u043a\\u0430\", \"\\u041a\\u043e\\u043d\\u0442\\u0435\\u043d\\u0442\"]}}]"}}, {"model": "admin.logentry", "pk": 46, "fields": {"action_time": "2023-04-25T15:02:32.632Z", "user": 1, "content_type": 15, "object_id": "2", "object_repr": "Блок 102", "action_flag": 2, "change_message": "[{\"changed\": {\"fields\": [\"\\u041a\\u043e\\u043d\\u0442\\u0435\\u043d\\u0442\"]}}]"}}, {"model": "admin.logentry", "pk": 47, "fields": {"action_time": "2023-04-25T15:04:02.270Z", "user": 1, "content_type": 15, "object_id": "2", "object_repr": "Блок 102", "action_flag": 2, "change_message": "[{\"changed\": {\"fields\": [\"\\u041a\\u043e\\u043d\\u0442\\u0435\\u043d\\u0442\"]}}]"}}, {"model": "admin.logentry", "pk": 48, "fields": {"action_time": "2023-04-25T15:05:51.358Z", "user": 1, "content_type": 15, "object_id": "2", "object_repr": "Блок 102", "action_flag": 2, "change_message": "[{\"changed\": {\"fields\": [\"\\u041a\\u043e\\u043d\\u0442\\u0435\\u043d\\u0442\"]}}]"}}, {"model": "admin.logentry", "pk": 49, "fields": {"action_time": "2023-04-25T15:08:31.801Z", "user": 1, "content_type": 15, "object_id": "2", "object_repr": "Блок 102", "action_flag": 2, "change_message": "[{\"changed\": {\"fields\": [\"\\u041a\\u043e\\u043d\\u0442\\u0435\\u043d\\u0442\"]}}]"}}, {"model": "admin.logentry", "pk": 50, "fields": {"action_time": "2023-04-25T15:24:18.254Z", "user": 1, "content_type": 9, "object_id": "4", "object_repr": "Профилактическая стоматология", "action_flag": 1, "change_message": "[{\"added\": {}}]"}}, {"model": "admin.logentry", "pk": 51, "fields": {"action_time": "2023-04-25T15:25:07.248Z", "user": 1, "content_type": 9, "object_id": "5", "object_repr": "Хирургическая стоматология", "action_flag": 1, "change_message": "[{\"added\": {}}]"}}, {"model": "admin.logentry", "pk": 52, "fields": {"action_time": "2023-04-25T15:27:04.035Z", "user": 1, "content_type": 9, "object_id": "5", "object_repr": "Хирургическая стоматология", "action_flag": 2, "change_message": "[{\"changed\": {\"fields\": [\"\\u0420\\u0443\\u0431\\u0440\\u0438\\u043a\\u0430\"]}}]"}}, {"model": "admin.logentry", "pk": 53, "fields": {"action_time": "2023-04-25T15:27:28.750Z", "user": 1, "content_type": 9, "object_id": "6", "object_repr": "Рентгенология", "action_flag": 1, "change_message": "[{\"added\": {}}]"}}, {"model": "admin.logentry", "pk": 54, "fields": {"action_time": "2023-04-25T15:28:08.895Z", "user": 1, "content_type": 9, "object_id": "7", "object_repr": "Микропротезирование", "action_flag": 1, "change_message": "[{\"added\": {}}]"}}, {"model": "admin.logentry", "pk": 55, "fields": {"action_time": "2023-04-25T15:28:24.516Z", "user": 1, "content_type": 9, "object_id": "8", "object_repr": "Реставрация зубов", "action_flag": 1, "change_message": "[{\"added\": {}}]"}}, {"model": "admin.logentry", "pk": 56, "fields": {"action_time": "2023-04-25T15:28:45.371Z", "user": 1, "content_type": 9, "object_id": "9", "object_repr": "Чистка зубов", "action_flag": 1, "change_message": "[{\"added\": {}}]"}}, {"model": "admin.logentry", "pk": 57, "fields": {"action_time": "2023-04-25T15:28:59.207Z", "user": 1, "content_type": 9, "object_id": "10", "object_repr": "Имплантация зубов", "action_flag": 1, "change_message": "[{\"added\": {}}]"}}, {"model": "admin.logentry", "pk": 58, "fields": {"action_time": "2023-04-25T15:52:03.817Z", "user": 1, "content_type": 15, "object_id": "2", "object_repr": "Блок 102", "action_flag": 2, "change_message": "[{\"changed\": {\"fields\": [\"\\u041a\\u043e\\u043d\\u0442\\u0435\\u043d\\u0442\"]}}]"}}, {"model": "admin.logentry", "pk": 59, "fields": {"action_time": "2023-04-25T16:01:33.495Z", "user": 1, "content_type": 9, "object_id": "5", "object_repr": "Хирургическая стоматология", "action_flag": 2, "change_message": "[]"}}, {"model": "admin.logentry", "pk": 60, "fields": {"action_time": "2023-04-25T16:17:53.113Z", "user": 1, "content_type": 9, "object_id": "1", "object_repr": "Протезирование зубов", "action_flag": 2, "change_message": "[{\"changed\": {\"fields\": [\"\\u041a\\u043e\\u043d\\u0442\\u0435\\u043d\\u0442\"]}}]"}}, {"model": "admin.logentry", "pk": 61, "fields": {"action_time": "2023-04-25T16:18:07.093Z", "user": 1, "content_type": 9, "object_id": "2", "object_repr": "Лечение зубов", "action_flag": 2, "change_message": "[{\"changed\": {\"fields\": [\"\\u041a\\u043e\\u043d\\u0442\\u0435\\u043d\\u0442\"]}}]"}}, {"model": "admin.logentry", "pk": 62, "fields": {"action_time": "2023-04-25T16:28:36.345Z", "user": 1, "content_type": 15, "object_id": "2", "object_repr": "Блок 102", "action_flag": 2, "change_message": "[{\"changed\": {\"fields\": [\"\\u041a\\u043e\\u043d\\u0442\\u0435\\u043d\\u0442\"]}}]"}}, {"model": "admin.logentry", "pk": 63, "fields": {"action_time": "2023-04-26T04:58:28.671Z", "user": 1, "content_type": 18, "object_id": "1", "object_repr": "Ивановского 26", "action_flag": 1, "change_message": "[{\"added\": {}}]"}}, {"model": "admin.logentry", "pk": 64, "fields": {"action_time": "2023-04-26T05:05:24.798Z", "user": 1, "content_type": 18, "object_id": "1", "object_repr": "Ивановского 26", "action_flag": 2, "change_message": "[{\"changed\": {\"fields\": [\"\\u041b\\u043e\\u0433\\u043e\\u0442\\u0438\\u043f\"]}}]"}}, {"model": "admin.logentry", "pk": 65, "fields": {"action_time": "2023-04-26T05:05:59.053Z", "user": 1, "content_type": 18, "object_id": "1", "object_repr": "Ивановского 26", "action_flag": 2, "change_message": "[{\"changed\": {\"fields\": [\"\\u041b\\u043e\\u0433\\u043e\\u0442\\u0438\\u043f\"]}}]"}}, {"model": "admin.logentry", "pk": 66, "fields": {"action_time": "2023-04-26T05:06:04.049Z", "user": 1, "content_type": 18, "object_id": "1", "object_repr": "Ивановского 26", "action_flag": 2, "change_message": "[{\"changed\": {\"fields\": [\"\\u041b\\u043e\\u0433\\u043e\\u0442\\u0438\\u043f\"]}}]"}}, {"model": "admin.logentry", "pk": 67, "fields": {"action_time": "2023-04-26T05:06:13.408Z", "user": 1, "content_type": 18, "object_id": "1", "object_repr": "Ивановского 26", "action_flag": 2, "change_message": "[]"}}, {"model": "admin.logentry", "pk": 68, "fields": {"action_time": "2023-04-26T05:06:19.899Z", "user": 1, "content_type": 18, "object_id": "1", "object_repr": "Ивановского 26", "action_flag": 2, "change_message": "[]"}}, {"model": "admin.logentry", "pk": 69, "fields": {"action_time": "2023-04-26T05:54:02.548Z", "user": 1, "content_type": 18, "object_id": "1", "object_repr": "Ивановского 26", "action_flag": 2, "change_message": "[{\"changed\": {\"fields\": [\"\\u041b\\u043e\\u0433\\u043e\\u0442\\u0438\\u043f\"]}}]"}}, {"model": "admin.logentry", "pk": 70, "fields": {"action_time": "2023-04-26T05:57:37.613Z", "user": 1, "content_type": 18, "object_id": "1", "object_repr": "Ивановского 26", "action_flag": 2, "change_message": "[{\"changed\": {\"fields\": [\"\\u041b\\u043e\\u0433\\u043e\\u0442\\u0438\\u043f\"]}}]"}}, {"model": "admin.logentry", "pk": 71, "fields": {"action_time": "2023-04-26T06:00:22.896Z", "user": 1, "content_type": 18, "object_id": "1", "object_repr": "Томск ул. Белинского, 53Б", "action_flag": 2, "change_message": "[{\"changed\": {\"fields\": [\"\\u0410\\u0434\\u0440\\u0435\\u0441\"]}}]"}}, {"model": "admin.logentry", "pk": 72, "fields": {"action_time": "2023-04-26T06:01:45.233Z", "user": 1, "content_type": 18, "object_id": "1", "object_repr": "Томск ул. Белинского, 53Б", "action_flag": 2, "change_message": "[{\"changed\": {\"fields\": [\"\\u0422\\u0435\\u043b\\u0435\\u0444\\u043e\\u043d\\u043d\\u044b\\u0439 \\u043d\\u043e\\u043c\\u0435\\u0440\"]}}]"}}, {"model": "admin.logentry", "pk": 73, "fields": {"action_time": "2023-04-26T06:07:55.942Z", "user": 1, "content_type": 18, "object_id": "1", "object_repr": "Томск ул. Белинского, 53Б", "action_flag": 2, "change_message": "[{\"changed\": {\"fields\": [\"\\u0422\\u0435\\u043b\\u0435\\u0444\\u043e\\u043d\\u043d\\u044b\\u0439 \\u043d\\u043e\\u043c\\u0435\\u0440\", \"\\u0422\\u0435\\u043b\\u0435\\u0444\\u043e\\u043d \\u0441\\u0441\\u044b\\u043b\\u043a\\u0430\"]}}]"}}, {"model": "admin.logentry", "pk": 74, "fields": {"action_time": "2023-04-26T06:09:02.356Z", "user": 1, "content_type": 18, "object_id": "1", "object_repr": "Томск ул. Белинского, 53Б", "action_flag": 2, "change_message": "[{\"changed\": {\"fields\": [\"\\u0422\\u0435\\u043b\\u0435\\u0444\\u043e\\u043d \\u0441\\u0441\\u044b\\u043b\\u043a\\u0430\"]}}]"}}, {"model": "admin.logentry", "pk": 75, "fields": {"action_time": "2023-04-26T06:09:17.909Z", "user": 1, "content_type": 18, "object_id": "1", "object_repr": "Томск ул. Белинского, 53Б", "action_flag": 2, "change_message": "[{\"changed\": {\"fields\": [\"\\u0422\\u0435\\u043b\\u0435\\u0444\\u043e\\u043d \\u0441\\u0441\\u044b\\u043b\\u043a\\u0430\"]}}]"}}, {"model": "admin.logentry", "pk": 76, "fields": {"action_time": "2023-04-26T06:24:17.618Z", "user": 1, "content_type": 16, "object_id": "16", "object_repr": "Review object (16)", "action_flag": 3, "change_message": ""}}, {"model": "admin.logentry", "pk": 77, "fields": {"action_time": "2023-04-26T06:24:17.623Z", "user": 1, "content_type": 16, "object_id": "15", "object_repr": "Review object (15)", "action_flag": 3, "change_message": ""}}, {"model": "admin.logentry", "pk": 78, "fields": {"action_time": "2023-04-26T06:24:17.627Z", "user": 1, "content_type": 16, "object_id": "14", "object_repr": "Review object (14)", "action_flag": 3, "change_message": ""}}, {"model": "admin.logentry", "pk": 79, "fields": {"action_time": "2023-04-26T06:24:17.631Z", "user": 1, "content_type": 16, "object_id": "13", "object_repr": "Review object (13)", "action_flag": 3, "change_message": ""}}, {"model": "admin.logentry", "pk": 80, "fields": {"action_time": "2023-04-26T06:24:17.633Z", "user": 1, "content_type": 16, "object_id": "12", "object_repr": "Review object (12)", "action_flag": 3, "change_message": ""}}, {"model": "admin.logentry", "pk": 81, "fields": {"action_time": "2023-04-26T06:24:17.636Z", "user": 1, "content_type": 16, "object_id": "11", "object_repr": "Review object (11)", "action_flag": 3, "change_message": ""}}, {"model": "admin.logentry", "pk": 82, "fields": {"action_time": "2023-04-26T06:24:17.639Z", "user": 1, "content_type": 16, "object_id": "10", "object_repr": "Review object (10)", "action_flag": 3, "change_message": ""}}, {"model": "admin.logentry", "pk": 83, "fields": {"action_time": "2023-04-26T06:24:17.641Z", "user": 1, "content_type": 16, "object_id": "9", "object_repr": "Review object (9)", "action_flag": 3, "change_message": ""}}, {"model": "admin.logentry", "pk": 84, "fields": {"action_time": "2023-04-26T06:25:56.484Z", "user": 1, "content_type": 16, "object_id": "8", "object_repr": "Юра М", "action_flag": 3, "change_message": ""}}, {"model": "admin.logentry", "pk": 85, "fields": {"action_time": "2023-04-26T06:28:03.211Z", "user": 1, "content_type": 16, "object_id": "1", "object_repr": "Евгения", "action_flag": 2, "change_message": "[{\"changed\": {\"fields\": [\"\\u0418\\u043c\\u044f\", \"Email\", \"\\u041e\\u0442\\u0437\\u044b\\u0432\", \"\\u0414\\u0430\\u0442\\u0430 \\u0441\\u043e\\u0437\\u0434\\u0430\\u043d\\u0438\\u044f\"]}}]"}}, {"model": "admin.logentry", "pk": 86, "fields": {"action_time": "2023-04-26T06:28:11.060Z", "user": 1, "content_type": 16, "object_id": "1", "object_repr": "Евгения", "action_flag": 2, "change_message": "[{\"changed\": {\"fields\": [\"\\u0422\\u0435\\u043b\\u0435\\u0444\\u043e\\u043d\"]}}]"}}, {"model": "admin.logentry", "pk": 87, "fields": {"action_time": "2023-04-26T06:30:36.778Z", "user": 1, "content_type": 16, "object_id": "2", "object_repr": "Евгений Игоревич", "action_flag": 2, "change_message": "[{\"changed\": {\"fields\": [\"\\u0418\\u043c\\u044f\", \"Email\", \"\\u0422\\u0435\\u043b\\u0435\\u0444\\u043e\\u043d\", \"\\u041e\\u0442\\u0437\\u044b\\u0432\", \"\\u0414\\u0430\\u0442\\u0430 \\u0441\\u043e\\u0437\\u0434\\u0430\\u043d\\u0438\\u044f\"]}}]"}}, {"model": "admin.logentry", "pk": 88, "fields": {"action_time": "2023-04-26T06:32:35.692Z", "user": 1, "content_type": 16, "object_id": "3", "object_repr": "Андрей Иванович", "action_flag": 2, "change_message": "[{\"changed\": {\"fields\": [\"\\u0418\\u043c\\u044f\", \"Email\", \"\\u0422\\u0435\\u043b\\u0435\\u0444\\u043e\\u043d\", \"\\u041e\\u0442\\u0437\\u044b\\u0432\"]}}]"}}, {"model": "admin.logentry", "pk": 89, "fields": {"action_time": "2023-04-27T01:35:16.274Z", "user": 1, "content_type": 16, "object_id": "1", "object_repr": "Евгения", "action_flag": 2, "change_message": "[]"}}, {"model": "admin.logentry", "pk": 90, "fields": {"action_time": "2023-04-27T01:35:19.468Z", "user": 1, "content_type": 16, "object_id": "2", "object_repr": "Евгений Игоревич", "action_flag": 2, "change_message": "[]"}}, {"model": "admin.logentry", "pk": 91, "fields": {"action_time": "2023-04-27T01:35:22.539Z", "user": 1, "content_type": 16, "object_id": "3", "object_repr": "Андрей Иванович", "action_flag": 2, "change_message": "[]"}}, {"model": "admin.logentry", "pk": 92, "fields": {"action_time": "2023-04-27T02:49:31.630Z", "user": 1, "content_type": 6, "object_id": "3", "object_repr": "Специалисты", "action_flag": 1, "change_message": "[{\"added\": {}}]"}}, {"model": "admin.logentry", "pk": 93, "fields": {"action_time": "2023-04-27T03:47:54.473Z", "user": 1, "content_type": 9, "object_id": "11", "object_repr": "Парфенюк Юлия Евгеньевна", "action_flag": 1, "change_message": "[{\"added\": {}}]"}}, {"model": "admin.logentry", "pk": 94, "fields": {"action_time": "2023-04-27T03:50:00.875Z", "user": 1, "content_type": 9, "object_id": "12", "object_repr": "Жалилов Шахбоз Хусанбоевич", "action_flag": 1, "change_message": "[{\"added\": {}}]"}}, {"model": "admin.logentry", "pk": 95, "fields": {"action_time": "2023-04-27T03:51:05.258Z", "user": 1, "content_type": 9, "object_id": "13", "object_repr": "Давидян Лианна Валодяевна", "action_flag": 1, "change_message": "[{\"added\": {}}]"}}, {"model": "admin.logentry", "pk": 96, "fields": {"action_time": "2023-04-27T04:29:00.851Z", "user": 1, "content_type": 9, "object_id": "13", "object_repr": "Давидян Лианна Валодяевна", "action_flag": 2, "change_message": "[{\"changed\": {\"fields\": [\"\\u041a\\u043e\\u0440\\u043e\\u0442\\u043a\\u043e\\u0435 \\u043e\\u043f\\u0438\\u0441\\u0430\\u043d\\u0438\\u0435\"]}}]"}}, {"model": "admin.logentry", "pk": 97, "fields": {"action_time": "2023-04-27T04:29:19.190Z", "user": 1, "content_type": 9, "object_id": "12", "object_repr": "Жалилов Шахбоз Хусанбоевич", "action_flag": 2, "change_message": "[{\"changed\": {\"fields\": [\"\\u041a\\u043e\\u0440\\u043e\\u0442\\u043a\\u043e\\u0435 \\u043e\\u043f\\u0438\\u0441\\u0430\\u043d\\u0438\\u0435\"]}}]"}}, {"model": "admin.logentry", "pk": 98, "fields": {"action_time": "2023-04-27T04:29:36.378Z", "user": 1, "content_type": 9, "object_id": "11", "object_repr": "Парфенюк Юлия Евгеньевна", "action_flag": 2, "change_message": "[{\"changed\": {\"fields\": [\"\\u041a\\u043e\\u0440\\u043e\\u0442\\u043a\\u043e\\u0435 \\u043e\\u043f\\u0438\\u0441\\u0430\\u043d\\u0438\\u0435\"]}}]"}}, {"model": "admin.logentry", "pk": 99, "fields": {"action_time": "2023-04-27T04:29:53.098Z", "user": 1, "content_type": 9, "object_id": "11", "object_repr": "Парфенюк Юлия Евгеньевна", "action_flag": 2, "change_message": "[{\"changed\": {\"fields\": [\"Meta Title\"]}}]"}}, {"model": "admin.logentry", "pk": 100, "fields": {"action_time": "2023-04-27T04:29:59.277Z", "user": 1, "content_type": 9, "object_id": "13", "object_repr": "Давидян Лианна Валодяевна", "action_flag": 2, "change_message": "[{\"changed\": {\"fields\": [\"Meta Title\"]}}]"}}, {"model": "admin.logentry", "pk": 101, "fields": {"action_time": "2023-04-27T04:30:06.718Z", "user": 1, "content_type": 9, "object_id": "12", "object_repr": "Жалилов Шахбоз Хусанбоевич", "action_flag": 2, "change_message": "[{\"changed\": {\"fields\": [\"Meta Title\"]}}]"}}, {"model": "admin.logentry", "pk": 102, "fields": {"action_time": "2023-04-27T04:47:49.175Z", "user": 1, "content_type": 9, "object_id": "12", "object_repr": "Жалилов Шахбоз Хусанбоевич", "action_flag": 2, "change_message": "[]"}}, {"model": "admin.logentry", "pk": 103, "fields": {"action_time": "2023-04-27T04:47:55.544Z", "user": 1, "content_type": 9, "object_id": "13", "object_repr": "Давидян Лианна Валодяевна", "action_flag": 2, "change_message": "[{\"changed\": {\"fields\": [\"\\u041a\\u043e\\u043d\\u0442\\u0435\\u043d\\u0442\"]}}]"}}, {"model": "admin.logentry", "pk": 104, "fields": {"action_time": "2023-04-27T10:27:44.059Z", "user": 1, "content_type": 7, "object_id": "3", "object_repr": "Наши специалисты", "action_flag": 2, "change_message": "[{\"changed\": {\"fields\": [\"Url\"]}}]"}}, {"model": "admin.logentry", "pk": 105, "fields": {"action_time": "2023-04-27T10:28:09.238Z", "user": 1, "content_type": 7, "object_id": "3", "object_repr": "Наши специалисты", "action_flag": 2, "change_message": "[{\"changed\": {\"fields\": [\"Url\"]}}]"}}, {"model": "admin.logentry", "pk": 106, "fields": {"action_time": "2023-04-27T11:15:58.482Z", "user": 1, "content_type": 15, "object_id": "4", "object_repr": "Блок 5", "action_flag": 1, "change_message": "[{\"added\": {}}]"}}, {"model": "admin.logentry", "pk": 107, "fields": {"action_time": "2023-04-27T11:16:26.988Z", "user": 1, "content_type": 8, "object_id": "3", "object_repr": "Цены", "action_flag": 1, "change_message": "[{\"added\": {}}, {\"added\": {\"name\": \"\\u0421\\u0432\\u044f\\u0437\\u044c page-contentblock\", \"object\": \"Page_content_blocks object (4)\"}}]"}}, {"model": "admin.logentry", "pk": 108, "fields": {"action_time": "2023-04-27T11:33:19.849Z", "user": 1, "content_type": 6, "object_id": "4", "object_repr": "Цены", "action_flag": 1, "change_message": "[{\"added\": {}}]"}}, {"model": "admin.logentry", "pk": 109, "fields": {"action_time": "2023-04-27T11:33:47.895Z", "user": 1, "content_type": 8, "object_id": "3", "object_repr": "Цены", "action_flag": 3, "change_message": ""}}, {"model": "admin.logentry", "pk": 110, "fields": {"action_time": "2023-04-27T11:34:39.793Z", "user": 1, "content_type": 9, "object_id": "14", "object_repr": "Хирургические услуги", "action_flag": 1, "change_message": "[{\"added\": {}}]"}}, {"model": "admin.logentry", "pk": 111, "fields": {"action_time": "2023-04-27T11:34:50.436Z", "user": 1, "content_type": 9, "object_id": "14", "object_repr": "Хирургические услуги", "action_flag": 2, "change_message": "[{\"changed\": {\"fields\": [\"Meta Title\"]}}]"}}, {"model": "admin.logentry", "pk": 112, "fields": {"action_time": "2023-04-27T11:35:43.719Z", "user": 1, "content_type": 9, "object_id": "14", "object_repr": "Хирургические услуги", "action_flag": 2, "change_message": "[{\"changed\": {\"fields\": [\"\\u041a\\u043e\\u043d\\u0442\\u0435\\u043d\\u0442\"]}}]"}}, {"model": "admin.logentry", "pk": 113, "fields": {"action_time": "2023-04-27T11:36:17.462Z", "user": 1, "content_type": 7, "object_id": "5", "object_repr": "Цены", "action_flag": 2, "change_message": "[{\"changed\": {\"fields\": [\"Url\"]}}]"}}, {"model": "admin.logentry", "pk": 114, "fields": {"action_time": "2023-04-27T11:37:33.449Z", "user": 1, "content_type": 9, "object_id": "14", "object_repr": "Хирургические услуги", "action_flag": 2, "change_message": "[{\"changed\": {\"fields\": [\"\\u041a\\u043e\\u043d\\u0442\\u0435\\u043d\\u0442\"]}}]"}}, {"model": "admin.logentry", "pk": 115, "fields": {"action_time": "2023-04-27T11:46:53.447Z", "user": 1, "content_type": 7, "object_id": "5", "object_repr": "Цены", "action_flag": 2, "change_message": "[{\"changed\": {\"fields\": [\"\\u0420\\u0443\\u0431\\u0440\\u0438\\u043a\\u0430\"]}}]"}}, {"model": "admin.logentry", "pk": 116, "fields": {"action_time": "2023-04-27T15:54:01.042Z", "user": 1, "content_type": 7, "object_id": "2", "object_repr": "Наши работы", "action_flag": 2, "change_message": "[{\"changed\": {\"fields\": [\"\\u0412\\u043a\\u043b\\u044e\\u0447\\u0438\\u0442\\u044c \\u043c\\u0435\\u043d\\u044e\"]}}]"}}, {"model": "admin.logentry", "pk": 117, "fields": {"action_time": "2023-04-27T16:25:40.238Z", "user": 1, "content_type": 9, "object_id": "15", "object_repr": "Ортопедические услуги", "action_flag": 1, "change_message": "[{\"added\": {}}]"}}, {"model": "admin.logentry", "pk": 118, "fields": {"action_time": "2023-04-27T17:00:49.600Z", "user": 1, "content_type": 9, "object_id": "2", "object_repr": "Лечение зубов", "action_flag": 2, "change_message": "[{\"changed\": {\"fields\": [\"\\u041a\\u043e\\u043d\\u0442\\u0435\\u043d\\u0442\", \"Meta Title\"]}}]"}}, {"model": "admin.logentry", "pk": 119, "fields": {"action_time": "2023-04-27T17:02:51.521Z", "user": 1, "content_type": 9, "object_id": "2", "object_repr": "Лечение зубов", "action_flag": 2, "change_message": "[{\"changed\": {\"fields\": [\"\\u041a\\u043e\\u043d\\u0442\\u0435\\u043d\\u0442\"]}}]"}}, {"model": "admin.logentry", "pk": 120, "fields": {"action_time": "2023-04-27T17:09:01.519Z", "user": 1, "content_type": 9, "object_id": "2", "object_repr": "Лечение зубов", "action_flag": 2, "change_message": "[{\"changed\": {\"fields\": [\"\\u041a\\u043e\\u043d\\u0442\\u0435\\u043d\\u0442\"]}}]"}}, {"model": "admin.logentry", "pk": 121, "fields": {"action_time": "2023-04-27T17:13:09.666Z", "user": 1, "content_type": 9, "object_id": "2", "object_repr": "Лечение зубов", "action_flag": 2, "change_message": "[{\"changed\": {\"fields\": [\"\\u041a\\u043e\\u043d\\u0442\\u0435\\u043d\\u0442\"]}}]"}}, {"model": "admin.logentry", "pk": 122, "fields": {"action_time": "2023-04-27T17:16:42.582Z", "user": 1, "content_type": 9, "object_id": "2", "object_repr": "Лечение зубов", "action_flag": 2, "change_message": "[{\"changed\": {\"fields\": [\"\\u041a\\u043e\\u043d\\u0442\\u0435\\u043d\\u0442\"]}}]"}}, {"model": "admin.logentry", "pk": 123, "fields": {"action_time": "2023-04-27T17:23:22.123Z", "user": 1, "content_type": 9, "object_id": "2", "object_repr": "Лечение зубов", "action_flag": 2, "change_message": "[{\"changed\": {\"fields\": [\"\\u041a\\u043e\\u043d\\u0442\\u0435\\u043d\\u0442\"]}}]"}}, {"model": "admin.logentry", "pk": 124, "fields": {"action_time": "2023-04-27T17:26:55.087Z", "user": 1, "content_type": 7, "object_id": "3", "object_repr": "Наши специалисты", "action_flag": 2, "change_message": "[{\"changed\": {\"fields\": [\"\\u0420\\u0443\\u0431\\u0440\\u0438\\u043a\\u0430\"]}}]"}}, {"model": "admin.logentry", "pk": 125, "fields": {"action_time": "2023-04-27T17:28:54.489Z", "user": 1, "content_type": 9, "object_id": "2", "object_repr": "Лечение зубов", "action_flag": 2, "change_message": "[{\"changed\": {\"fields\": [\"\\u041a\\u043e\\u043d\\u0442\\u0435\\u043d\\u0442\"]}}]"}}, {"model": "admin.logentry", "pk": 126, "fields": {"action_time": "2023-04-27T17:30:01.014Z", "user": 1, "content_type": 9, "object_id": "2", "object_repr": "Лечение зубов", "action_flag": 2, "change_message": "[{\"changed\": {\"fields\": [\"\\u0414\\u0430\\u0442\\u0430 \\u0441\\u043e\\u0437\\u0434\\u0430\\u043d\\u0438\\u044f\"]}}]"}}, {"model": "admin.logentry", "pk": 127, "fields": {"action_time": "2023-04-27T17:34:26.983Z", "user": 1, "content_type": 9, "object_id": "2", "object_repr": "Лечение зубов в Томске", "action_flag": 2, "change_message": "[{\"changed\": {\"fields\": [\"\\u0417\\u0430\\u0433\\u043e\\u043b\\u043e\\u0432\\u043e\\u043a\", \"\\u041a\\u043e\\u043d\\u0442\\u0435\\u043d\\u0442\"]}}]"}}, {"model": "admin.logentry", "pk": 128, "fields": {"action_time": "2023-04-27T17:46:35.266Z", "user": 1, "content_type": 9, "object_id": "2", "object_repr": "Лечение зубов", "action_flag": 2, "change_message": "[{\"changed\": {\"fields\": [\"\\u0417\\u0430\\u0433\\u043e\\u043b\\u043e\\u0432\\u043e\\u043a\", \"\\u041a\\u043e\\u043d\\u0442\\u0435\\u043d\\u0442\"]}}]"}}, {"model": "admin.logentry", "pk": 129, "fields": {"action_time": "2023-04-28T02:18:03.022Z", "user": 1, "content_type": 9, "object_id": "1", "object_repr": "Протезирование зубов", "action_flag": 2, "change_message": "[{\"changed\": {\"fields\": [\"\\u041a\\u043e\\u043d\\u0442\\u0435\\u043d\\u0442\"]}}]"}}, {"model": "admin.logentry", "pk": 130, "fields": {"action_time": "2023-04-28T02:19:27.058Z", "user": 1, "content_type": 9, "object_id": "1", "object_repr": "Протезирование зубов", "action_flag": 2, "change_message": "[{\"changed\": {\"fields\": [\"\\u041a\\u043e\\u043d\\u0442\\u0435\\u043d\\u0442\"]}}]"}}, {"model": "admin.logentry", "pk": 131, "fields": {"action_time": "2023-04-28T02:23:26.603Z", "user": 1, "content_type": 9, "object_id": "1", "object_repr": "Протезирование зубов", "action_flag": 2, "change_message": "[{\"changed\": {\"fields\": [\"\\u041a\\u043e\\u043d\\u0442\\u0435\\u043d\\u0442\"]}}]"}}, {"model": "admin.logentry", "pk": 132, "fields": {"action_time": "2023-04-28T02:40:13.000Z", "user": 1, "content_type": 15, "object_id": "3", "object_repr": "Контакты", "action_flag": 2, "change_message": "[{\"changed\": {\"fields\": [\"\\u041d\\u0430\\u0437\\u0432\\u0430\\u043d\\u0438\\u0435 \\u0431\\u043b\\u043e\\u043a\\u0430\", \"\\u041a\\u043e\\u043d\\u0442\\u0435\\u043d\\u0442\"]}}]"}}, {"model": "admin.logentry", "pk": 133, "fields": {"action_time": "2023-04-28T02:40:34.841Z", "user": 1, "content_type": 15, "object_id": "3", "object_repr": "Контакты", "action_flag": 2, "change_message": "[]"}}, {"model": "admin.logentry", "pk": 134, "fields": {"action_time": "2023-04-28T02:56:15.120Z", "user": 1, "content_type": 8, "object_id": "2", "object_repr": "Контакты", "action_flag": 2, "change_message": "[{\"deleted\": {\"name\": \"\\u0421\\u0432\\u044f\\u0437\\u044c page-contentblock\", \"object\": \"Page_content_blocks object (None)\"}}]"}}, {"model": "admin.logentry", "pk": 135, "fields": {"action_time": "2023-04-28T02:56:23.915Z", "user": 1, "content_type": 8, "object_id": "2", "object_repr": "Контакты", "action_flag": 2, "change_message": "[{\"changed\": {\"fields\": [\"\\u041a\\u043e\\u043d\\u0442\\u0435\\u043d\\u0442\"]}}]"}}, {"model": "admin.logentry", "pk": 136, "fields": {"action_time": "2023-04-28T03:10:24.825Z", "user": 1, "content_type": 8, "object_id": "2", "object_repr": "Контакты", "action_flag": 2, "change_message": "[{\"changed\": {\"fields\": [\"\\u041a\\u043e\\u043d\\u0442\\u0435\\u043d\\u0442\"]}}]"}}, {"model": "admin.logentry", "pk": 137, "fields": {"action_time": "2023-04-28T03:12:11.450Z", "user": 1, "content_type": 8, "object_id": "2", "object_repr": "Контакты", "action_flag": 2, "change_message": "[{\"changed\": {\"fields\": [\"\\u041a\\u043e\\u043d\\u0442\\u0435\\u043d\\u0442\"]}}]"}}, {"model": "admin.logentry", "pk": 138, "fields": {"action_time": "2023-04-28T03:15:10.796Z", "user": 1, "content_type": 8, "object_id": "2", "object_repr": "Контакты", "action_flag": 2, "change_message": "[{\"changed\": {\"fields\": [\"\\u041a\\u043e\\u043d\\u0442\\u0435\\u043d\\u0442\"]}}]"}}, {"model": "admin.logentry", "pk": 139, "fields": {"action_time": "2023-04-28T05:01:11.763Z", "user": 1, "content_type": 18, "object_id": "1", "object_repr": "Томск ул. Белинского, 53Б", "action_flag": 2, "change_message": "[{\"changed\": {\"fields\": [\"Email\"]}}]"}}, {"model": "admin.logentry", "pk": 140, "fields": {"action_time": "2023-04-28T05:14:06.173Z", "user": 1, "content_type": 18, "object_id": "1", "object_repr": "Томск ул. Белинского, 53Б", "action_flag": 2, "change_message": "[{\"changed\": {\"fields\": [\"Email\"]}}]"}}, {"model": "admin.logentry", "pk": 141, "fields": {"action_time": "2023-04-28T05:15:52.020Z", "user": 1, "content_type": 18, "object_id": "1", "object_repr": "Томск ул. Белинского, 53Б", "action_flag": 2, "change_message": "[{\"changed\": {\"fields\": [\"Email\"]}}]"}}, {"model": "admin.logentry", "pk": 142, "fields": {"action_time": "2023-04-28T05:21:20.849Z", "user": 1, "content_type": 18, "object_id": "1", "object_repr": "Ивановского 26", "action_flag": 2, "change_message": "[{\"changed\": {\"fields\": [\"\\u0422\\u0435\\u043b\\u0435\\u0444\\u043e\\u043d\\u043d\\u044b\\u0439 \\u043d\\u043e\\u043c\\u0435\\u0440\", \"\\u0410\\u0434\\u0440\\u0435\\u0441\", \"Email\", \"Email\"]}}]"}}, {"model": "admin.logentry", "pk": 143, "fields": {"action_time": "2023-04-28T05:24:27.734Z", "user": 1, "content_type": 16, "object_id": "20", "object_repr": "Юра М", "action_flag": 3, "change_message": ""}}, {"model": "admin.logentry", "pk": 144, "fields": {"action_time": "2023-04-28T05:24:27.737Z", "user": 1, "content_type": 16, "object_id": "19", "object_repr": "Юра М", "action_flag": 3, "change_message": ""}}, {"model": "admin.logentry", "pk": 145, "fields": {"action_time": "2023-04-28T05:24:27.741Z", "user": 1, "content_type": 16, "object_id": "18", "object_repr": "Юра М", "action_flag": 3, "change_message": ""}}, {"model": "admin.logentry", "pk": 146, "fields": {"action_time": "2023-04-28T05:24:27.745Z", "user": 1, "content_type": 16, "object_id": "17", "object_repr": "Юлия", "action_flag": 3, "change_message": ""}}, {"model": "admin.logentry", "pk": 147, "fields": {"action_time": "2023-04-28T05:24:36.544Z", "user": 1, "content_type": 18, "object_id": "1", "object_repr": "Ивановского 26", "action_flag": 2, "change_message": "[{\"changed\": {\"fields\": [\"Email\", \"Email\"]}}]"}}, {"model": "admin.logentry", "pk": 148, "fields": {"action_time": "2023-04-28T05:26:28.862Z", "user": 1, "content_type": 18, "object_id": "1", "object_repr": "Ивановского 26", "action_flag": 2, "change_message": "[{\"changed\": {\"fields\": [\"Email\", \"Email\"]}}]"}}, {"model": "admin.logentry", "pk": 149, "fields": {"action_time": "2023-04-28T05:46:51.936Z", "user": 1, "content_type": 18, "object_id": "1", "object_repr": "ул. Белинского, 53Б", "action_flag": 2, "change_message": "[{\"changed\": {\"fields\": [\"\\u0422\\u0435\\u043b\\u0435\\u0444\\u043e\\u043d\\u043d\\u044b\\u0439 \\u043d\\u043e\\u043c\\u0435\\u0440\", \"\\u0422\\u0435\\u043b\\u0435\\u0444\\u043e\\u043d \\u0441\\u0441\\u044b\\u043b\\u043a\\u0430\", \"\\u0410\\u0434\\u0440\\u0435\\u0441\", \"Email\"]}}]"}}, {"model": "admin.logentry", "pk": 150, "fields": {"action_time": "2023-04-28T06:03:30.103Z", "user": 1, "content_type": 18, "object_id": "1", "object_repr": "ул. Белинского, 53Б", "action_flag": 2, "change_message": "[{\"changed\": {\"fields\": [\"\\u0422\\u0435\\u043b\\u0435\\u0433\\u0440\\u0430\\u043c \\u0441\\u0441\\u044b\\u043b\\u043a\\u0430\", \"\\u0422\\u0435\\u043b\\u0435\\u0433\\u0440\\u0430\\u043c \\u0438\\u043a\\u043e\\u043d\\u043a\\u0430\", \"\\u0412\\u0430\\u0442\\u0441\\u0430\\u043f \\u0441\\u0441\\u044b\\u043b\\u043a\\u0430\", \"\\u0412\\u0430\\u0442\\u0441\\u0430\\u043f \\u0438\\u043a\\u043e\\u043d\\u043a\\u0430\"]}}]"}}, {"model": "admin.logentry", "pk": 151, "fields": {"action_time": "2023-04-28T06:08:48.173Z", "user": 1, "content_type": 18, "object_id": "1", "object_repr": "ул. Белинского, 53Б", "action_flag": 2, "change_message": "[{\"changed\": {\"fields\": [\"\\u0422\\u0435\\u043b\\u0435\\u0433\\u0440\\u0430\\u043c \\u0441\\u0441\\u044b\\u043b\\u043a\\u0430\"]}}]"}}, {"model": "admin.logentry", "pk": 152, "fields": {"action_time": "2023-04-28T06:08:56.990Z", "user": 1, "content_type": 18, "object_id": "1", "object_repr": "ул. Белинского, 53Б", "action_flag": 2, "change_message": "[{\"changed\": {\"fields\": [\"\\u0422\\u0435\\u043b\\u0435\\u0433\\u0440\\u0430\\u043c \\u0441\\u0441\\u044b\\u043b\\u043a\\u0430\"]}}]"}}, {"model": "admin.logentry", "pk": 153, "fields": {"action_time": "2023-04-28T06:19:37.866Z", "user": 1, "content_type": 6, "object_id": "5", "object_repr": "Акции", "action_flag": 1, "change_message": "[{\"added\": {}}]"}}, {"model": "admin.logentry", "pk": 154, "fields": {"action_time": "2023-04-28T06:19:46.459Z", "user": 1, "content_type": 6, "object_id": "5", "object_repr": "Акции", "action_flag": 2, "change_message": "[{\"changed\": {\"fields\": [\"URL\"]}}]"}}, {"model": "admin.logentry", "pk": 155, "fields": {"action_time": "2023-04-28T06:40:59.707Z", "user": 1, "content_type": 9, "object_id": "16", "object_repr": "Скидка на профессиональную чистку зубов", "action_flag": 1, "change_message": "[{\"added\": {}}]"}}, {"model": "admin.logentry", "pk": 156, "fields": {"action_time": "2023-04-28T06:41:49.071Z", "user": 1, "content_type": 9, "object_id": "17", "object_repr": "Акция выходного дня!", "action_flag": 1, "change_message": "[{\"added\": {}}]"}}, {"model": "admin.logentry", "pk": 157, "fields": {"action_time": "2023-04-28T06:42:47.114Z", "user": 1, "content_type": 9, "object_id": "18", "object_repr": "Подарочные сертификаты", "action_flag": 1, "change_message": "[{\"added\": {}}]"}}, {"model": "admin.logentry", "pk": 158, "fields": {"action_time": "2023-04-28T06:42:59.473Z", "user": 1, "content_type": 7, "object_id": "4", "object_repr": "Акции", "action_flag": 2, "change_message": "[{\"changed\": {\"fields\": [\"Url\", \"\\u0420\\u0443\\u0431\\u0440\\u0438\\u043a\\u0430\"]}}]"}}, {"model": "admin.logentry", "pk": 159, "fields": {"action_time": "2023-04-28T06:44:37.944Z", "user": 1, "content_type": 11, "object_id": "1", "object_repr": "Подарочные сертификаты", "action_flag": 2, "change_message": "[{\"changed\": {\"fields\": [\"\\u0417\\u0430\\u0433\\u043e\\u043b\\u043e\\u0432\\u043e\\u043a\", \"Text\", \"\\u0421\\u0441\\u044b\\u043b\\u043a\\u0430 \\u043d\\u0430 \\u0437\\u0430\\u043f\\u0438\\u0441\\u044c \\u0438\\u043b\\u0438 \\u043d\\u043e\\u0432\\u043e\\u0441\\u0442\\u044c\"]}}]"}}, {"model": "admin.logentry", "pk": 160, "fields": {"action_time": "2023-04-28T06:46:40.284Z", "user": 1, "content_type": 11, "object_id": "2", "object_repr": "Акция выходного дня!", "action_flag": 2, "change_message": "[{\"changed\": {\"fields\": [\"\\u0417\\u0430\\u0433\\u043e\\u043b\\u043e\\u0432\\u043e\\u043a\", \"Text\", \"\\u0421\\u0441\\u044b\\u043b\\u043a\\u0430 \\u043d\\u0430 \\u0437\\u0430\\u043f\\u0438\\u0441\\u044c \\u0438\\u043b\\u0438 \\u043d\\u043e\\u0432\\u043e\\u0441\\u0442\\u044c\"]}}]"}}, {"model": "admin.logentry", "pk": 161, "fields": {"action_time": "2023-04-28T15:18:48.834Z", "user": 1, "content_type": 9, "object_id": "11", "object_repr": "Парфенюк Юлия Евгеньевна", "action_flag": 2, "change_message": "[{\"changed\": {\"fields\": [\"\\u041a\\u043e\\u043d\\u0442\\u0435\\u043d\\u0442\"]}}]"}}, {"model": "admin.logentry", "pk": 162, "fields": {"action_time": "2023-04-28T15:19:19.709Z", "user": 1, "content_type": 9, "object_id": "11", "object_repr": "Парфенюк Юлия Евгеньевна", "action_flag": 2, "change_message": "[{\"changed\": {\"fields\": [\"\\u041a\\u043e\\u043d\\u0442\\u0435\\u043d\\u0442\"]}}]"}}, {"model": "admin.logentry", "pk": 163, "fields": {"action_time": "2023-04-28T15:19:48.670Z", "user": 1, "content_type": 9, "object_id": "11", "object_repr": "Парфенюк Юлия Евгеньевна", "action_flag": 2, "change_message": "[{\"changed\": {\"fields\": [\"\\u041a\\u043e\\u043d\\u0442\\u0435\\u043d\\u0442\"]}}]"}}, {"model": "admin.logentry", "pk": 164, "fields": {"action_time": "2023-04-28T15:23:46.304Z", "user": 1, "content_type": 9, "object_id": "11", "object_repr": "Парфенюк Юлия Евгеньевна", "action_flag": 2, "change_message": "[{\"changed\": {\"fields\": [\"\\u041a\\u043e\\u043d\\u0442\\u0435\\u043d\\u0442\"]}}]"}}, {"model": "admin.logentry", "pk": 165, "fields": {"action_time": "2023-04-28T15:25:53.369Z", "user": 1, "content_type": 9, "object_id": "11", "object_repr": "Парфенюк Юлия Евгеньевна", "action_flag": 2, "change_message": "[{\"changed\": {\"fields\": [\"\\u041a\\u043e\\u043d\\u0442\\u0435\\u043d\\u0442\"]}}]"}}, {"model": "admin.logentry", "pk": 166, "fields": {"action_time": "2023-04-28T15:32:02.664Z", "user": 1, "content_type": 9, "object_id": "11", "object_repr": "Парфенюк Юлия Евгеньевна", "action_flag": 2, "change_message": "[{\"changed\": {\"fields\": [\"\\u041a\\u043e\\u043d\\u0442\\u0435\\u043d\\u0442\"]}}]"}}, {"model": "admin.logentry", "pk": 167, "fields": {"action_time": "2023-04-29T00:45:57.643Z", "user": 1, "content_type": 8, "object_id": "4", "object_repr": "О нас", "action_flag": 1, "change_message": "[{\"added\": {}}]"}}, {"model": "admin.logentry", "pk": 168, "fields": {"action_time": "2023-04-29T00:46:06.557Z", "user": 1, "content_type": 7, "object_id": "7", "object_repr": "О нас", "action_flag": 2, "change_message": "[{\"changed\": {\"fields\": [\"Url\"]}}]"}}, {"model": "admin.logentry", "pk": 169, "fields": {"action_time": "2023-04-29T00:48:16.766Z", "user": 1, "content_type": 7, "object_id": "7", "object_repr": "О нас", "action_flag": 2, "change_message": "[]"}}, {"model": "admin.logentry", "pk": 170, "fields": {"action_time": "2023-04-29T01:22:50.745Z", "user": 1, "content_type": 8, "object_id": "5", "object_repr": "Политика безопасности", "action_flag": 1, "change_message": "[{\"added\": {}}]"}}, {"model": "admin.logentry", "pk": 171, "fields": {"action_time": "2023-04-29T01:23:06.541Z", "user": 1, "content_type": 8, "object_id": "5", "object_repr": "Политика безопасности", "action_flag": 2, "change_message": "[{\"changed\": {\"fields\": [\"URL\"]}}]"}}, {"model": "admin.logentry", "pk": 172, "fields": {"action_time": "2023-04-29T01:52:58.957Z", "user": 1, "content_type": 7, "object_id": "2", "object_repr": "Наши работы", "action_flag": 2, "change_message": "[{\"changed\": {\"fields\": [\"\\u0414\\u0440\\u0443\\u0433\\u043e\\u0435 \\u043c\\u0435\\u043d\\u044e\"]}}]"}}, {"model": "admin.logentry", "pk": 173, "fields": {"action_time": "2023-04-29T01:52:58.960Z", "user": 1, "content_type": 7, "object_id": "5", "object_repr": "Цены", "action_flag": 2, "change_message": "[{\"changed\": {\"fields\": [\"\\u0414\\u0440\\u0443\\u0433\\u043e\\u0435 \\u043c\\u0435\\u043d\\u044e\"]}}]"}}, {"model": "admin.logentry", "pk": 174, "fields": {"action_time": "2023-04-29T01:52:58.962Z", "user": 1, "content_type": 7, "object_id": "7", "object_repr": "О нас", "action_flag": 2, "change_message": "[{\"changed\": {\"fields\": [\"\\u0414\\u0440\\u0443\\u0433\\u043e\\u0435 \\u043c\\u0435\\u043d\\u044e\"]}}]"}}, {"model": "admin.logentry", "pk": 175, "fields": {"action_time": "2023-04-29T01:52:58.963Z", "user": 1, "content_type": 7, "object_id": "8", "object_repr": "Контакты", "action_flag": 2, "change_message": "[{\"changed\": {\"fields\": [\"\\u0414\\u0440\\u0443\\u0433\\u043e\\u0435 \\u043c\\u0435\\u043d\\u044e\"]}}]"}}, {"model": "admin.logentry", "pk": 176, "fields": {"action_time": "2023-05-03T01:02:07.815Z", "user": 1, "content_type": 9, "object_id": "19", "object_repr": "Врач стоматолог", "action_flag": 1, "change_message": "[{\"added\": {}}]"}}, {"model": "admin.logentry", "pk": 177, "fields": {"action_time": "2023-05-03T01:09:53.130Z", "user": 1, "content_type": 9, "object_id": "19", "object_repr": "Врач Cтоматолог Специалист", "action_flag": 2, "change_message": "[{\"changed\": {\"fields\": [\"\\u0417\\u0430\\u0433\\u043e\\u043b\\u043e\\u0432\\u043e\\u043a\"]}}]"}}, {"model": "admin.logentry", "pk": 178, "fields": {"action_time": "2023-05-03T01:28:50.709Z", "user": 1, "content_type": 11, "object_id": "2", "object_repr": "Акция выходного дня!", "action_flag": 2, "change_message": "[{\"changed\": {\"fields\": [\"\\u041f\\u043e\\u043a\\u0430\\u0437\\u044b\\u0432\\u0430\\u0442\\u044c \\u043d\\u0430 \\u043c\\u043e\\u0431\\u0438\\u043b\\u044c\\u043d\\u043e\\u043c\"]}}]"}}, {"model": "admin.logentry", "pk": 179, "fields": {"action_time": "2023-05-03T01:28:54.291Z", "user": 1, "content_type": 11, "object_id": "1", "object_repr": "Подарочные сертификаты", "action_flag": 2, "change_message": "[{\"changed\": {\"fields\": [\"\\u041f\\u043e\\u043a\\u0430\\u0437\\u044b\\u0432\\u0430\\u0442\\u044c \\u043d\\u0430 \\u043c\\u043e\\u0431\\u0438\\u043b\\u044c\\u043d\\u043e\\u043c\"]}}]"}}, {"model": "admin.logentry", "pk": 180, "fields": {"action_time": "2023-05-03T02:21:44.512Z", "user": 1, "content_type": 8, "object_id": "4", "object_repr": "О нас", "action_flag": 2, "change_message": "[{\"changed\": {\"fields\": [\"\\u041a\\u043e\\u043d\\u0442\\u0435\\u043d\\u0442\"]}}]"}}, {"model": "admin.logentry", "pk": 181, "fields": {"action_time": "2023-05-03T02:28:13.976Z", "user": 1, "content_type": 8, "object_id": "4", "object_repr": "О нас", "action_flag": 2, "change_message": "[{\"changed\": {\"fields\": [\"\\u041a\\u043e\\u043d\\u0442\\u0435\\u043d\\u0442\"]}}]"}}, {"model": "admin.logentry", "pk": 182, "fields": {"action_time": "2023-05-03T02:32:01.731Z", "user": 1, "content_type": 9, "object_id": "11", "object_repr": "Парфенюк Юлия Евгеньевна", "action_flag": 2, "change_message": "[{\"changed\": {\"fields\": [\"\\u041a\\u043e\\u043d\\u0442\\u0435\\u043d\\u0442\"]}}]"}}, {"model": "admin.logentry", "pk": 183, "fields": {"action_time": "2023-05-03T04:00:07.729Z", "user": 1, "content_type": 15, "object_id": "3", "object_repr": "Контакты", "action_flag": 3, "change_message": ""}}, {"model": "admin.logentry", "pk": 184, "fields": {"action_time": "2023-05-18T14:23:51.618Z", "user": 1, "content_type": 8, "object_id": "1", "object_repr": "Главная", "action_flag": 2, "change_message": "[{\"changed\": {\"fields\": [\"Meta Title\", \"Meta Description\"]}}]"}}, {"model": "admin.logentry", "pk": 185, "fields": {"action_time": "2023-05-18T14:29:22.154Z", "user": 1, "content_type": 8, "object_id": "2", "object_repr": "Контакты", "action_flag": 2, "change_message": "[{\"changed\": {\"fields\": [\"Meta Title\"]}}]"}}, {"model": "admin.logentry", "pk": 186, "fields": {"action_time": "2023-05-18T14:29:30.029Z", "user": 1, "content_type": 8, "object_id": "5", "object_repr": "Политика безопасности", "action_flag": 2, "change_message": "[{\"changed\": {\"fields\": [\"Meta Title\"]}}]"}}, {"model": "admin.logentry", "pk": 187, "fields": {"action_time": "2023-05-18T14:29:36.359Z", "user": 1, "content_type": 8, "object_id": "5", "object_repr": "Политика безопасности", "action_flag": 2, "change_message": "[{\"changed\": {\"fields\": [\"Meta Description\"]}}]"}}, {"model": "admin.logentry", "pk": 188, "fields": {"action_time": "2023-05-18T14:29:43.615Z", "user": 1, "content_type": 8, "object_id": "4", "object_repr": "О нас", "action_flag": 2, "change_message": "[{\"changed\": {\"fields\": [\"\\u041a\\u043e\\u043d\\u0442\\u0435\\u043d\\u0442\", \"Meta Title\", \"Meta Description\"]}}]"}}, {"model": "admin.logentry", "pk": 189, "fields": {"action_time": "2023-05-18T14:29:58.294Z", "user": 1, "content_type": 9, "object_id": "18", "object_repr": "Подарочные сертификаты", "action_flag": 2, "change_message": "[{\"changed\": {\"fields\": [\"Meta Title\", \"Meta Description\"]}}]"}}, {"model": "admin.logentry", "pk": 190, "fields": {"action_time": "2023-05-18T14:30:17.468Z", "user": 1, "content_type": 9, "object_id": "1", "object_repr": "Протезирование зубов", "action_flag": 2, "change_message": "[{\"changed\": {\"fields\": [\"\\u041a\\u043e\\u043d\\u0442\\u0435\\u043d\\u0442\", \"Meta Title\", \"Meta Description\"]}}]"}}, {"model": "admin.logentry", "pk": 191, "fields": {"action_time": "2023-05-18T14:43:37.336Z", "user": 1, "content_type": 6, "object_id": "1", "object_repr": "Услуги", "action_flag": 2, "change_message": "[{\"changed\": {\"fields\": [\"Meta Title\", \"Meta Description\"]}}]"}}, {"model": "admin.logentry", "pk": 192, "fields": {"action_time": "2023-05-18T14:59:20.279Z", "user": 1, "content_type": 6, "object_id": "5", "object_repr": "Акции", "action_flag": 2, "change_message": "[{\"changed\": {\"fields\": [\"Meta Title\", \"Meta Description\"]}}]"}}, {"model": "admin.logentry", "pk": 193, "fields": {"action_time": "2023-05-18T15:42:33.367Z", "user": 1, "content_type": 8, "object_id": "1", "object_repr": "Главная", "action_flag": 2, "change_message": "[{\"changed\": {\"fields\": [\"\\u0413\\u043b\\u0430\\u0432\\u043d\\u0430\\u044f \\u0441\\u0442\\u0440\\u0430\\u043d\\u0438\\u0446\\u0430\"]}}]"}}, {"model": "admin.logentry", "pk": 194, "fields": {"action_time": "2023-05-18T15:42:38.175Z", "user": 1, "content_type": 8, "object_id": "5", "object_repr": "Политика безопасности", "action_flag": 2, "change_message": "[{\"changed\": {\"fields\": [\"\\u0413\\u043b\\u0430\\u0432\\u043d\\u0430\\u044f \\u0441\\u0442\\u0440\\u0430\\u043d\\u0438\\u0446\\u0430\"]}}]"}}, {"model": "admin.logentry", "pk": 195, "fields": {"action_time": "2023-05-18T15:42:43.479Z", "user": 1, "content_type": 8, "object_id": "5", "object_repr": "Политика безопасности", "action_flag": 2, "change_message": "[]"}}, {"model": "admin.logentry", "pk": 196, "fields": {"action_time": "2023-05-18T15:42:47.914Z", "user": 1, "content_type": 8, "object_id": "1", "object_repr": "Главная", "action_flag": 2, "change_message": "[{\"changed\": {\"fields\": [\"\\u0413\\u043b\\u0430\\u0432\\u043d\\u0430\\u044f \\u0441\\u0442\\u0440\\u0430\\u043d\\u0438\\u0446\\u0430\"]}}]"}}, {"model": "admin.logentry", "pk": 197, "fields": {"action_time": "2023-05-18T15:45:25.522Z", "user": 1, "content_type": 8, "object_id": "5", "object_repr": "Политика безопасности", "action_flag": 2, "change_message": "[{\"changed\": {\"fields\": [\"\\u0413\\u043b\\u0430\\u0432\\u043d\\u0430\\u044f \\u0441\\u0442\\u0440\\u0430\\u043d\\u0438\\u0446\\u0430\"]}}]"}}, {"model": "admin.logentry", "pk": 198, "fields": {"action_time": "2023-05-18T15:49:52.006Z", "user": 1, "content_type": 8, "object_id": "5", "object_repr": "Политика безопасности", "action_flag": 2, "change_message": "[{\"changed\": {\"fields\": [\"\\u0413\\u043b\\u0430\\u0432\\u043d\\u0430\\u044f \\u0441\\u0442\\u0440\\u0430\\u043d\\u0438\\u0446\\u0430\"]}}]"}}, {"model": "admin.logentry", "pk": 199, "fields": {"action_time": "2023-05-18T15:53:10.456Z", "user": 1, "content_type": 8, "object_id": "1", "object_repr": "Главная", "action_flag": 2, "change_message": "[{\"changed\": {\"fields\": [\"\\u0413\\u043b\\u0430\\u0432\\u043d\\u0430\\u044f \\u0441\\u0442\\u0440\\u0430\\u043d\\u0438\\u0446\\u0430\"]}}]"}}, {"model": "auth.permission", "pk": 1, "fields": {"name": "Can add log entry", "content_type": 1, "codename": "add_logentry"}}, {"model": "auth.permission", "pk": 2, "fields": {"name": "Can change log entry", "content_type": 1, "codename": "change_logentry"}}, {"model": "auth.permission", "pk": 3, "fields": {"name": "Can delete log entry", "content_type": 1, "codename": "delete_logentry"}}, {"model": "auth.permission", "pk": 4, "fields": {"name": "Can view log entry", "content_type": 1, "codename": "view_logentry"}}, {"model": "auth.permission", "pk": 5, "fields": {"name": "Can add permission", "content_type": 2, "codename": "add_permission"}}, {"model": "auth.permission", "pk": 6, "fields": {"name": "Can change permission", "content_type": 2, "codename": "change_permission"}}, {"model": "auth.permission", "pk": 7, "fields": {"name": "Can delete permission", "content_type": 2, "codename": "delete_permission"}}, {"model": "auth.permission", "pk": 8, "fields": {"name": "Can view permission", "content_type": 2, "codename": "view_permission"}}, {"model": "auth.permission", "pk": 9, "fields": {"name": "Can add group", "content_type": 3, "codename": "add_group"}}, {"model": "auth.permission", "pk": 10, "fields": {"name": "Can change group", "content_type": 3, "codename": "change_group"}}, {"model": "auth.permission", "pk": 11, "fields": {"name": "Can delete group", "content_type": 3, "codename": "delete_group"}}, {"model": "auth.permission", "pk": 12, "fields": {"name": "Can view group", "content_type": 3, "codename": "view_group"}}, {"model": "auth.permission", "pk": 13, "fields": {"name": "Can add content type", "content_type": 4, "codename": "add_contenttype"}}, {"model": "auth.permission", "pk": 14, "fields": {"name": "Can change content type", "content_type": 4, "codename": "change_contenttype"}}, {"model": "auth.permission", "pk": 15, "fields": {"name": "Can delete content type", "content_type": 4, "codename": "delete_contenttype"}}, {"model": "auth.permission", "pk": 16, "fields": {"name": "Can view content type", "content_type": 4, "codename": "view_contenttype"}}, {"model": "auth.permission", "pk": 17, "fields": {"name": "Can add session", "content_type": 5, "codename": "add_session"}}, {"model": "auth.permission", "pk": 18, "fields": {"name": "Can change session", "content_type": 5, "codename": "change_session"}}, {"model": "auth.permission", "pk": 19, "fields": {"name": "Can delete session", "content_type": 5, "codename": "delete_session"}}, {"model": "auth.permission", "pk": 20, "fields": {"name": "Can view session", "content_type": 5, "codename": "view_session"}}, {"model": "auth.permission", "pk": 21, "fields": {"name": "Can add Рубрика", "content_type": 6, "codename": "add_category"}}, {"model": "auth.permission", "pk": 22, "fields": {"name": "Can change Рубрика", "content_type": 6, "codename": "change_category"}}, {"model": "auth.permission", "pk": 23, "fields": {"name": "Can delete Рубрика", "content_type": 6, "codename": "delete_category"}}, {"model": "auth.permission", "pk": 24, "fields": {"name": "Can view Рубрика", "content_type": 6, "codename": "view_category"}}, {"model": "auth.permission", "pk": 25, "fields": {"name": "Can add Меню", "content_type": 7, "codename": "add_menuitem"}}, {"model": "auth.permission", "pk": 26, "fields": {"name": "Can change Меню", "content_type": 7, "codename": "change_menuitem"}}, {"model": "auth.permission", "pk": 27, "fields": {"name": "Can delete Меню", "content_type": 7, "codename": "delete_menuitem"}}, {"model": "auth.permission", "pk": 28, "fields": {"name": "Can view Меню", "content_type": 7, "codename": "view_menuitem"}}, {"model": "auth.permission", "pk": 29, "fields": {"name": "Can add Страница", "content_type": 8, "codename": "add_page"}}, {"model": "auth.permission", "pk": 30, "fields": {"name": "Can change Страница", "content_type": 8, "codename": "change_page"}}, {"model": "auth.permission", "pk": 31, "fields": {"name": "Can delete Страница", "content_type": 8, "codename": "delete_page"}}, {"model": "auth.permission", "pk": 32, "fields": {"name": "Can view Страница", "content_type": 8, "codename": "view_page"}}, {"model": "auth.permission", "pk": 33, "fields": {"name": "Can add Запись", "content_type": 9, "codename": "add_post"}}, {"model": "auth.permission", "pk": 34, "fields": {"name": "Can change Запись", "content_type": 9, "codename": "change_post"}}, {"model": "auth.permission", "pk": 35, "fields": {"name": "Can delete Запись", "content_type": 9, "codename": "delete_post"}}, {"model": "auth.permission", "pk": 36, "fields": {"name": "Can view Запись", "content_type": 9, "codename": "view_post"}}, {"model": "auth.permission", "pk": 37, "fields": {"name": "Can add Пользователь", "content_type": 10, "codename": "add_user"}}, {"model": "auth.permission", "pk": 38, "fields": {"name": "Can change Пользователь", "content_type": 10, "codename": "change_user"}}, {"model": "auth.permission", "pk": 39, "fields": {"name": "Can delete Пользователь", "content_type": 10, "codename": "delete_user"}}, {"model": "auth.permission", "pk": 40, "fields": {"name": "Can view Пользователь", "content_type": 10, "codename": "view_user"}}, {"model": "auth.permission", "pk": 41, "fields": {"name": "Can add slider", "content_type": 11, "codename": "add_slider"}}, {"model": "auth.permission", "pk": 42, "fields": {"name": "Can change slider", "content_type": 11, "codename": "change_slider"}}, {"model": "auth.permission", "pk": 43, "fields": {"name": "Can delete slider", "content_type": 11, "codename": "delete_slider"}}, {"model": "auth.permission", "pk": 44, "fields": {"name": "Can view slider", "content_type": 11, "codename": "view_slider"}}, {"model": "auth.permission", "pk": 45, "fields": {"name": "Can add kv store", "content_type": 12, "codename": "add_kvstore"}}, {"model": "auth.permission", "pk": 46, "fields": {"name": "Can change kv store", "content_type": 12, "codename": "change_kvstore"}}, {"model": "auth.permission", "pk": 47, "fields": {"name": "Can delete kv store", "content_type": 12, "codename": "delete_kvstore"}}, {"model": "auth.permission", "pk": 48, "fields": {"name": "Can view kv store", "content_type": 12, "codename": "view_kvstore"}}, {"model": "auth.permission", "pk": 49, "fields": {"name": "Can add revision", "content_type": 13, "codename": "add_revision"}}, {"model": "auth.permission", "pk": 50, "fields": {"name": "Can change revision", "content_type": 13, "codename": "change_revision"}}, {"model": "auth.permission", "pk": 51, "fields": {"name": "Can delete revision", "content_type": 13, "codename": "delete_revision"}}, {"model": "auth.permission", "pk": 52, "fields": {"name": "Can view revision", "content_type": 13, "codename": "view_revision"}}, {"model": "auth.permission", "pk": 53, "fields": {"name": "Can add version", "content_type": 14, "codename": "add_version"}}, {"model": "auth.permission", "pk": 54, "fields": {"name": "Can change version", "content_type": 14, "codename": "change_version"}}, {"model": "auth.permission", "pk": 55, "fields": {"name": "Can delete version", "content_type": 14, "codename": "delete_version"}}, {"model": "auth.permission", "pk": 56, "fields": {"name": "Can view version", "content_type": 14, "codename": "view_version"}}, {"model": "auth.permission", "pk": 57, "fields": {"name": "Can add Блок контента", "content_type": 15, "codename": "add_contentblock"}}, {"model": "auth.permission", "pk": 58, "fields": {"name": "Can change Блок контента", "content_type": 15, "codename": "change_contentblock"}}, {"model": "auth.permission", "pk": 59, "fields": {"name": "Can delete Блок контента", "content_type": 15, "codename": "delete_contentblock"}}, {"model": "auth.permission", "pk": 60, "fields": {"name": "Can view Блок контента", "content_type": 15, "codename": "view_contentblock"}}, {"model": "auth.permission", "pk": 61, "fields": {"name": "Can add Комментарий", "content_type": 16, "codename": "add_comment"}}, {"model": "auth.permission", "pk": 62, "fields": {"name": "Can change Комментарий", "content_type": 16, "codename": "change_comment"}}, {"model": "auth.permission", "pk": 63, "fields": {"name": "Can delete Комментарий", "content_type": 16, "codename": "delete_comment"}}, {"model": "auth.permission", "pk": 64, "fields": {"name": "Can view Комментарий", "content_type": 16, "codename": "view_comment"}}, {"model": "auth.permission", "pk": 65, "fields": {"name": "Can add Комментарий", "content_type": 16, "codename": "add_review"}}, {"model": "auth.permission", "pk": 66, "fields": {"name": "Can change Комментарий", "content_type": 16, "codename": "change_review"}}, {"model": "auth.permission", "pk": 67, "fields": {"name": "Can delete Комментарий", "content_type": 16, "codename": "delete_review"}}, {"model": "auth.permission", "pk": 68, "fields": {"name": "Can view Комментарий", "content_type": 16, "codename": "view_review"}}, {"model": "auth.permission", "pk": 69, "fields": {"name": "Can add Сообщение", "content_type": 17, "codename": "add_message"}}, {"model": "auth.permission", "pk": 70, "fields": {"name": "Can change Сообщение", "content_type": 17, "codename": "change_message"}}, {"model": "auth.permission", "pk": 71, "fields": {"name": "Can delete Сообщение", "content_type": 17, "codename": "delete_message"}}, {"model": "auth.permission", "pk": 72, "fields": {"name": "Can view Сообщение", "content_type": 17, "codename": "view_message"}}, {"model": "auth.permission", "pk": 73, "fields": {"name": "Can add Настройки сайта", "content_type": 18, "codename": "add_config"}}, {"model": "auth.permission", "pk": 74, "fields": {"name": "Can change Настройки сайта", "content_type": 18, "codename": "change_config"}}, {"model": "auth.permission", "pk": 75, "fields": {"name": "Can delete Настройки сайта", "content_type": 18, "codename": "delete_config"}}, {"model": "auth.permission", "pk": 76, "fields": {"name": "Can view Настройки сайта", "content_type": 18, "codename": "view_config"}}, {"model": "contenttypes.contenttype", "pk": 1, "fields": {"app_label": "admin", "model": "logentry"}}, {"model": "contenttypes.contenttype", "pk": 2, "fields": {"app_label": "auth", "model": "permission"}}, {"model": "contenttypes.contenttype", "pk": 3, "fields": {"app_label": "auth", "model": "group"}}, {"model": "contenttypes.contenttype", "pk": 4, "fields": {"app_label": "contenttypes", "model": "contenttype"}}, {"model": "contenttypes.contenttype", "pk": 5, "fields": {"app_label": "sessions", "model": "session"}}, {"model": "contenttypes.contenttype", "pk": 6, "fields": {"app_label": "articles", "model": "category"}}, {"model": "contenttypes.contenttype", "pk": 7, "fields": {"app_label": "articles", "model": "menuitem"}}, {"model": "contenttypes.contenttype", "pk": 8, "fields": {"app_label": "articles", "model": "page"}}, {"model": "contenttypes.contenttype", "pk": 9, "fields": {"app_label": "articles", "model": "post"}}, {"model": "contenttypes.contenttype", "pk": 10, "fields": {"app_label": "users", "model": "user"}}, {"model": "contenttypes.contenttype", "pk": 11, "fields": {"app_label": "banner", "model": "slider"}}, {"model": "contenttypes.contenttype", "pk": 12, "fields": {"app_label": "thumbnail", "model": "kvstore"}}, {"model": "contenttypes.contenttype", "pk": 13, "fields": {"app_label": "reversion", "model": "revision"}}, {"model": "contenttypes.contenttype", "pk": 14, "fields": {"app_label": "reversion", "model": "version"}}, {"model": "contenttypes.contenttype", "pk": 15, "fields": {"app_label": "articles", "model": "contentblock"}}, {"model": "contenttypes.contenttype", "pk": 16, "fields": {"app_label": "reviews", "model": "review"}}, {"model": "contenttypes.contenttype", "pk": 17, "fields": {"app_label": "mail_post", "model": "message"}}, {"model": "contenttypes.contenttype", "pk": 18, "fields": {"app_label": "config_site", "model": "config"}}, {"model": "articles.category", "pk": 1, "fields": {"name": "Услуги", "slug": "uslugi", "meta_title": "Услуги", "meta_description": "УслугиУслуги"}}, {"model": "articles.category", "pk": 2, "fields": {"name": "Статьи", "slug": "stati", "meta_title": null, "meta_description": null}}, {"model": "articles.category", "pk": 3, "fields": {"name": "Специалисты", "slug": "specialisty", "meta_title": null, "meta_description": null}}, {"model": "articles.category", "pk": 4, "fields": {"name": "Цены", "slug": "price", "meta_title": null, "meta_description": null}}, {"model": "articles.category", "pk": 5, "fields": {"name": "Акции", "slug": "sale", "meta_title": "Акции", "meta_description": "АкцииАкции"}}, {"model": "articles.post", "pk": 1, "fields": {"title": "Протезирование зубов", "short_description": "", "content_ckeditor": "<h2>Протезирование зубов в Томске</h2>\r\n\r\n<p>Протезирование зубов - это сложная операция, направленная на полное или частичное восстановление зуба. Современное протезирование стремится к тому, чтобы максимально приблизиться к параметрам живого зуба не только по форме, но и, например, по цвету. Новые технологии и материалы позволяют практически творить чудеса и снова позволяют людям улыбаться.протезирование зубов</p>\r\n\r\n<p>Принципиально различают два способа протезирования зубов: разъемное и несъемное протезирование.</p>\r\n\r\n<h2>Съемное протезирование</h2>\r\n\r\n<p><img alt=\"\" src=\"/media/uploads/2023/04/28/protezirovanie_zubov.jpg\" style=\"height:338px; width:520px\" /></p>\r\n\r\n<p>Этот способ протезирования широко применяется в случае полной или частичной утраты зубов. Сейчас новые методики и материалы позволяют добиваться того, что протез:</p>\r\n\r\n<div class=\"list_a1\">\r\n<ul>\r\n\t<li>\r\n\t<p>Не доставляет дискомфорта;</p>\r\n\t</li>\r\n\t<li>\r\n\t<p>Его можно носить постоянно;</p>\r\n\t</li>\r\n\t<li>\r\n\t<p>Более высокая прочность и эстетичность протеза, чем раньше.</p>\r\n\t</li>\r\n</ul>\r\n</div>\r\n\r\n<ul>\r\n</ul>\r\n\r\n<p>Существует несколько видов съемного протезирования зубов, более подробно их можно обсудить с врачами нашего центра. Здесь вам подберут наиболее оптимальный вариант и окажут необходимые услуги.</p>\r\n\r\n<h2>Несъемное протезирование зубов.</h2>\r\n\r\n<p><img alt=\"\" src=\"/media/uploads/2023/04/28/j1.jpg\" style=\"height:150px; width:200px\" /></p>\r\n\r\n<p>Самый распространенный способ протезирования на сегодняшний день, который помогает не только восстановить утраченный зуб, но и &quot;отремонтировать&quot; живой. Например, укрепить ослабленный зуб или восстановить отколотый.</p>\r\n\r\n<h3>Основные плюсы этого способа:</h3>\r\n\r\n<div class=\"list_a1\">\r\n<ul>\r\n\t<li>\r\n\t<p>&nbsp;Очень высокие эстетические показатели. Практически невозможно отличить от здоровых зубов!</p>\r\n\t</li>\r\n\t<li>Использование материалов более прочных, чем здоровые зубы;</li>\r\n\t<li>\r\n\t<p>Возможность изменять цвет и форму зубов, укрепить и даже нарастить живой зуб.&nbsp;</p>\r\n\t</li>\r\n</ul>\r\n</div>\r\n\r\n<p>Если вы собираетесь осуществить протезирование зубов в Томске, то врачи нашей клиники качественно и с удовольствием выполнят свое дело. Не рискуйте своим здоровьем! Обратитесь к профессионалам. Протезирование зубов сложная операция, требующая квалифицированного и индивидуального подхода. Тогда ваша улыбка засияет как новая!</p>\r\n\r\n<p>Узнайте - может Ваши зубы еще можно вылечить.</p>", "slug": "protezirovanie-zubov", "category": 1, "image": "", "created_at": "2023-04-25T11:21:44Z", "meta_title": "Протезирование зубов", "meta_description": "Протезирование зубов", "meta_keywords": null, "content_blocks": []}}, {"model": "articles.post", "pk": 2, "fields": {"title": "Лечение зубов", "short_description": "", "content_ckeditor": "<div class=\"post_services\">\r\n<h2>Лечение зубов в Томске</h2>\r\n\r\n<p>Из-за негативных детских ассоциаций, связанных с большими очередями в государственной поликлинике, старым креслом и очень болезненным процессом лечения зубов, многие уже взрослые люди не спешат идти к стоматологу. А зря!</p>\r\n\r\n<p>Потому что лечить зубы нужно не тогда, когда уже нет сил терпеть, а тогда, когда появились первые признаки болезни. Например, едва заметная дырочка в эмали или чувствительность к сладкому, горячему, холодному.</p>\r\n\r\n<h2>Новые технологии</h2>\r\n\r\n<div class=\"img_service\">\r\n<p><img alt=\"\" src=\"/media/uploads/2023/04/27/lechenie_zubov3.jpg\" style=\"height:190px; width:290px\" /></p>\r\n</div>\r\n\r\n<p>На самом деле, медицина не стоит на месте, и давно уже придумали совершенно безболезненные методы лечения зубов и протезирования. Развитие стоматологических технологий усовершенствовано до такой степени, что сейчас уже удаляют зубы очень и очень редко. Врачи стараются использовать разные методы восстановления, воссоздания контура и размера зуба, применяя самые новые инструменты и материалы.</p>\r\n\r\n<p>Изменилось так же и время, которое вы тратите на визит к стоматологу. Установку пломбы сейчас возможно осуществить за полчаса! И да, вы можете пообедать сразу после лечения.</p>\r\n\r\n<h2>Кариес и как его избежать.</h2>\r\n\r\n<p><img alt=\"\" class=\"img_service\" src=\"/media/uploads/2023/04/27/stomatologiya_izrail.jpg\" style=\"height:282px; width:425px\" /></p>\r\n\r\n<p>Самое частое заболевание, приводящее к разрушению эмали и дентина является кариес. Практически каждый человек в своей жизни сталкивался с ним. Но знаете ли вы что это такое? И как избежать кариеса?</p>\r\n\r\n<p>Это заболевание вызвано бактериями и в конечном итоге может привести к потере зуба, а также к заражению остальных зубов и их постепенному уничтожению. Бактерии, провоцирующие это заболевания, растворяют минеральные вещества из которых состоит зуб. В результате этого происходит образование кариозной полости.стоматология томск</p>\r\n\r\n<h3>Для того, чтобы избежать образование кариеса и многих других проблем, необходимо:</h3>\r\n\r\n<div class=\"list_a1\">\r\n<ul>\r\n\t<li>\r\n\t<p>Уделять больше внимания гигиене полости рта. Достаточно два раза в день чистить зубы зубной пастой, а после приема пищи пользоваться зубной нитью или жевательной резинкой, удаляя остатки пищи из межзубного пространства;</p>\r\n\t</li>\r\n\t<li>\r\n\t<p>Бросить курить, благо средств и методов на сегодняшний день разработано сотни;</p>\r\n\t</li>\r\n\t<li>\r\n\t<p>Начать правильно питаться, включая в меню сырые овощи, фрукты, злаки, мясо и регулярно принимать поливитамины;</p>\r\n\t</li>\r\n\t<li>\r\n\t<p>Раз в полгода проходить проверку у врача-стоматолога.</p>\r\n\t</li>\r\n</ul>\r\n</div>\r\n\r\n<ul>\r\n</ul>\r\n\r\n<p>Специалисты стоматологической клиники &quot;Кариес@NET&quot; вылечат ваши зубы от кариеса любой сложности, проведут профилактический осмотр и с удовольствием дадут рекомендации по гигиене полости рта.</p>\r\n</div>", "slug": "lechenie-zubov", "category": 1, "image": "", "created_at": "2022-04-06T11:22:50Z", "meta_title": "Лечение зубов", "meta_description": "", "meta_keywords": null, "content_blocks": []}}, {"model": "articles.post", "pk": 3, "fields": {"title": "Новая статья", "short_description": null, "content_ckeditor": "<p>какая то статья</p>", "slug": "novaya-statya", "category": 2, "image": "", "created_at": "2023-04-25T13:42:08Z", "meta_title": null, "meta_description": null, "meta_keywords": null, "content_blocks": []}}, {"model": "articles.post", "pk": 4, "fields": {"title": "Профилактическая стоматология", "short_description": null, "content_ckeditor": "<p>Профилактическая стоматология&nbsp;Профилактическая стоматология&nbsp;Профилактическая стоматология&nbsp;Профилактическая стоматология&nbsp;Профилактическая стоматология</p>", "slug": "profilakticheskaya-stomatologiya", "category": 1, "image": "", "created_at": "2023-04-25T15:24:02Z", "meta_title": null, "meta_description": null, "meta_keywords": null, "content_blocks": []}}, {"model": "articles.post", "pk": 5, "fields": {"title": "Хирургическая стоматология", "short_description": null, "content_ckeditor": "<p>Хирургическая стоматология&nbsp;Хирургическая стомато логияХиру ргическая стоматологияХирургическая стома тологияХирурги ческая стомато логияХирургич еская стоматологияХирургическая стоматология</p>", "slug": "hirurgicheskaya-stomatologiya", "category": 1, "image": "", "created_at": "2023-04-25T15:24:49Z", "meta_title": null, "meta_description": null, "meta_keywords": null, "content_blocks": []}}, {"model": "articles.post", "pk": 6, "fields": {"title": "Рентгенология", "short_description": null, "content_ckeditor": "<p>Рентгенология</p>", "slug": "rentgenologiya", "category": 1, "image": "", "created_at": "2023-04-25T15:27:23Z", "meta_title": null, "meta_description": null, "meta_keywords": null, "content_blocks": []}}, {"model": "articles.post", "pk": 7, "fields": {"title": "Микропротезирование", "short_description": null, "content_ckeditor": "<p>Микропротезирование</p>", "slug": "mikroprotezirovanie", "category": 1, "image": "", "created_at": "2023-04-25T15:28:04Z", "meta_title": null, "meta_description": null, "meta_keywords": null, "content_blocks": []}}, {"model": "articles.post", "pk": 8, "fields": {"title": "Реставрация зубов", "short_description": null, "content_ckeditor": "<p>Реставрация зубов</p>", "slug": "restavraciya-zubov", "category": 1, "image": "", "created_at": "2023-04-25T15:28:19Z", "meta_title": null, "meta_description": null, "meta_keywords": null, "content_blocks": []}}, {"model": "articles.post", "pk": 9, "fields": {"title": "Чистка зубов", "short_description": null, "content_ckeditor": "<p>Чистка зубов</p>", "slug": "chistka-zubov", "category": 1, "image": "", "created_at": "2023-04-25T15:28:41Z", "meta_title": null, "meta_description": null, "meta_keywords": null, "content_blocks": []}}, {"model": "articles.post", "pk": 10, "fields": {"title": "Имплантация зубов", "short_description": null, "content_ckeditor": "<p>Имплантация зубов</p>", "slug": "implantaciya-zubov", "category": 1, "image": "", "created_at": "2023-04-25T15:28:54Z", "meta_title": null, "meta_description": null, "meta_keywords": null, "content_blocks": []}}, {"model": "articles.post", "pk": 11, "fields": {"title": "Парфенюк Юлия Евгеньевна", "short_description": "Стоматолог - терапевт", "content_ckeditor": "<div class=\"doc_image\"><img alt=\"\" src=\"/media/uploads/2023/04/28/parfenyuk.jpeg\" style=\"height:451px; width:300px\" /></div>\r\n\r\n<p>Врач стоматолог - это специалист, который занимается диагностикой, лечением и профилактикой заболеваний полости рта и зубов. Он имеет широкий спектр знаний в области стоматологии, включая анатомию зубов, патологию полости рта, микробиологию, фармакологию и техники обработки зубов.</p>\r\n\r\n<p>Врач стоматолог проводит осмотр полости рта, определяет причину заболевания и разрабатывает индивидуальный план лечения. Он может выполнять такие процедуры, как удаление кариеса, лечение зубов и десен, установку пломб, коронок и мостов, а также решение эстетических проблем, таких как отбеливание зубов и установка виниров.</p>\r\n\r\n<p>Врач стоматолог использует современное оборудование и технологии для обеспечения наилучшего результата лечения. Он также обеспечивает пациентов информацией о том, как правильно ухаживать за зубами и деснами, чтобы сохранить их здоровье и красоту на долгие годы.</p>\r\n\r\n<p>&nbsp;</p>\r\n\r\n<h2>Дипломы</h2>\r\n\r\n<div class=\"foto_random_main\">\r\n\t<img class=\"slider-image\" alt=\"\" src=\"/media/uploads/2023/04/28/whatsapp-image-2023-04-27-at-174003.jpeg\" />\r\n\t<img class=\"slider-image\" alt=\"\" src=\"/media/uploads/2023/04/28/whatsapp-image-2023-04-27-at-174003-2.jpeg\" />\r\n\t<img class=\"slider-image\" alt=\"\" src=\"/media/uploads/2023/04/28/whatsapp-image-2023-04-27-at-174004.jpeg\" />\r\n\t<img class=\"slider-image\" alt=\"\" src=\"/media/uploads/2023/04/28/whatsapp-image-2023-04-27-at-174003_A6RJVgS.jpeg\" />\r\n\t<img class=\"slider-image\" alt=\"\" src=\"/media/uploads/2023/04/28/whatsapp-image-2023-04-27-at-174004_1HcGOst.jpeg\" />\r\n</div>\r\n<div id=\"fullscreen-image\">\r\n\t<img id=\"fullscreen-image-src\" alt=\"\" src=\"\" />\r\n\t<div id=\"close-fullscreen-image\">Закрыть</div>\r\n</div>", "slug": "parfenyuk-yuliya-evgenevna", "category": 3, "image": "parfenyuk.jpeg", "created_at": "2023-04-27T03:43:09Z", "meta_title": "Парфенюк Юлия Евгеньевна", "meta_description": "", "meta_keywords": null, "content_blocks": []}}, {"model": "articles.post", "pk": 12, "fields": {"title": "Жалилов Шахбоз Хусанбоевич", "short_description": "Врач - стоматолог", "content_ckeditor": "<p>Врач стоматолог - это специалист, который занимается диагностикой, лечением и профилактикой заболеваний полости рта и зубов. Он имеет широкий спектр знаний в области стоматологии, включая анатомию зубов, патологию полости рта, микробиологию, фармакологию и техники обработки зубов.</p>\r\n\r\n<p>Врач стоматолог проводит осмотр полости рта, определяет причину заболевания и разрабатывает индивидуальный план лечения. Он может выполнять такие процедуры, как удаление кариеса, лечение зубов и десен, установку пломб, коронок и мостов, а также решение эстетических проблем, таких как отбеливание зубов и установка виниров.</p>\r\n\r\n<p>Врач стоматолог использует современное оборудование и технологии для обеспечения наилучшего результата лечения. Он также обеспечивает пациентов информацией о том, как правильно ухаживать за зубами и деснами, чтобы сохранить их здоровье и красоту на долгие годы.</p>", "slug": "zhalilov-shahboz-husanboevich", "category": 3, "image": "parfenyuk_bh6z828.jpeg", "created_at": "2023-04-27T03:48:45Z", "meta_title": "Жалилов Шахбоз Хусанбоевич", "meta_description": "", "meta_keywords": null, "content_blocks": []}}, {"model": "articles.post", "pk": 13, "fields": {"title": "Давидян Лианна Валодяевна", "short_description": "Стоматолог - терапевт", "content_ckeditor": "<p>Врач стоматолог - это специалист, который занимается диагностикой, лечением и профилактикой заболеваний полости рта и зубов. Он имеет широкий спектр знаний в области стоматологии, включая анатомию зубов, патологию полости рта, микробиологию, фармакологию и техники обработки зубов.</p>\r\n\r\n<p>Врач стоматолог проводит осмотр полости рта, определяет причину заболевания и разрабатывает индивидуальный план лечения. Он может выполнять такие процедуры, как удаление кариеса, лечение зубов и десен, установку пломб, коронок и мостов, а также решение эстетических проблем, таких как отбеливание зубов и установка виниров.</p>\r\n\r\n<p>Врач стоматолог использует современное оборудование и технологии для обеспечения наилучшего результата лечения. Он также обеспечивает пациентов информацией о том, как правильно ухаживать за зубами и деснами, чтобы сохранить их здоровье и красоту на долгие годы.</p>", "slug": "davidyan-lianna-valodyaevna", "category": 3, "image": "parfenyuk_SYwFCMQ.jpeg", "created_at": "2023-04-27T03:50:17Z", "meta_title": "Давидян Лианна Валодяевна", "meta_description": "", "meta_keywords": null, "content_blocks": []}}, {"model": "articles.post", "pk": 14, "fields": {"title": "Хирургические услуги", "short_description": "", "content_ckeditor": "<table>\r\n\t<tbody>\r\n\t\t<tr>\r\n\t\t\t<th>Код услуги</th>\r\n\t\t\t<th>Наименование услуги</th>\r\n\t\t\t<th>стоимость</th>\r\n\t\t</tr>\r\n\t\t<tr>\r\n\t\t\t<td>В01.003.004.001</td>\r\n\t\t\t<td>Аппликационная анестезия</td>\r\n\t\t\t<td>100</td>\r\n\t\t</tr>\r\n\t\t<tr>\r\n\t\t\t<td>В01.003.004.002</td>\r\n\t\t\t<td>Инфильтрационная анестезия</td>\r\n\t\t\t<td>400</td>\r\n\t\t</tr>\r\n\t\t<tr>\r\n\t\t\t<td>В01.003.004.003</td>\r\n\t\t\t<td>Проводниковая анестезия</td>\r\n\t\t\t<td>400</td>\r\n\t\t</tr>\r\n\t\t<tr>\r\n\t\t\t<td>А16.07.001.001</td>\r\n\t\t\t<td>Удаление временного зуба</td>\r\n\t\t\t<td>500</td>\r\n\t\t</tr>\r\n\t\t<tr>\r\n\t\t\t<td>А16.07.001.002</td>\r\n\t\t\t<td>Удаление подвижного зуба</td>\r\n\t\t\t<td>500</td>\r\n\t\t</tr>\r\n\t\t<tr>\r\n\t\t\t<td>А16.07.001.003</td>\r\n\t\t\t<td>Удаление постоянного зуба простое</td>\r\n\t\t\t<td>1000</td>\r\n\t\t</tr>\r\n\t\t<tr>\r\n\t\t\t<td>А16.07.001.004</td>\r\n\t\t\t<td>Удаление постоянного зуба сложное</td>\r\n\t\t\t<td>1500</td>\r\n\t\t</tr>\r\n\t\t<tr>\r\n\t\t\t<td>А16. 07.011</td>\r\n\t\t\t<td>Вскрытие подслизистого или поднадкостничного очага воспаления полости рта</td>\r\n\t\t\t<td>500</td>\r\n\t\t</tr>\r\n\t\t<tr>\r\n\t\t\t<td>А16.07.014</td>\r\n\t\t\t<td>Вскрытие и дренирование абсцесса полости рта</td>\r\n\t\t\t<td>500</td>\r\n\t\t</tr>\r\n\t\t<tr>\r\n\t\t\t<td>А16.07.058</td>\r\n\t\t\t<td>Лечение перикоронита (промывание, рассечение и/или иссечение капюшона)</td>\r\n\t\t\t<td>500</td>\r\n\t\t</tr>\r\n\t\t<tr>\r\n\t\t\t<td>А16.07.095.002</td>\r\n\t\t\t<td>Остановка луночного кровотечения с использованием<br />\r\n\t\t\tгемостатического материала</td>\r\n\t\t\t<td>200</td>\r\n\t\t</tr>\r\n\t\t<tr>\r\n\t\t\t<td>А16.07.097</td>\r\n\t\t\t<td>Наложение швов на слизистую оболочку</td>\r\n\t\t\t<td>300</td>\r\n\t\t</tr>\r\n\t</tbody>\r\n</table>", "slug": "hirurgicheskie-uslugi", "category": 4, "image": "", "created_at": "2023-04-27T11:34:06Z", "meta_title": "Хирургические услуги", "meta_description": "", "meta_keywords": null, "content_blocks": []}}, {"model": "articles.post", "pk": 15, "fields": {"title": "Ортопедические услуги", "short_description": "", "content_ckeditor": "<table>\r\n\t<tbody>\r\n\t\t<tr>\r\n\t\t\t<th>Код услуги</th>\r\n\t\t\t<th>Наименование услуги</th>\r\n\t\t\t<th>стоимость</th>\r\n\t\t</tr>\r\n\t\t<tr>\r\n\t\t\t<td>В01.003.004.001</td>\r\n\t\t\t<td>Аппликационная анестезия</td>\r\n\t\t\t<td>100</td>\r\n\t\t</tr>\r\n\t\t<tr>\r\n\t\t\t<td>В01.003.004.002</td>\r\n\t\t\t<td>Инфильтрационная анестезия</td>\r\n\t\t\t<td>400</td>\r\n\t\t</tr>\r\n\t\t<tr>\r\n\t\t\t<td>В01.003.004.003</td>\r\n\t\t\t<td>Проводниковая анестезия</td>\r\n\t\t\t<td>400</td>\r\n\t\t</tr>\r\n\t\t<tr>\r\n\t\t\t<td>А16.07.001.001</td>\r\n\t\t\t<td>Удаление временного зуба</td>\r\n\t\t\t<td>500</td>\r\n\t\t</tr>\r\n\t\t<tr>\r\n\t\t\t<td>А16.07.001.002</td>\r\n\t\t\t<td>Удаление подвижного зуба</td>\r\n\t\t\t<td>500</td>\r\n\t\t</tr>\r\n\t\t<tr>\r\n\t\t\t<td>А16.07.001.003</td>\r\n\t\t\t<td>Удаление постоянного зуба простое</td>\r\n\t\t\t<td>1000</td>\r\n\t\t</tr>\r\n\t\t<tr>\r\n\t\t\t<td>А16.07.001.004</td>\r\n\t\t\t<td>Удаление постоянного зуба сложное</td>\r\n\t\t\t<td>1500</td>\r\n\t\t</tr>\r\n\t\t<tr>\r\n\t\t\t<td>А16. 07.011</td>\r\n\t\t\t<td>Вскрытие подслизистого или поднадкостничного очага воспаления полости рта</td>\r\n\t\t\t<td>500</td>\r\n\t\t</tr>\r\n\t\t<tr>\r\n\t\t\t<td>А16.07.014</td>\r\n\t\t\t<td>Вскрытие и дренирование абсцесса полости рта</td>\r\n\t\t\t<td>500</td>\r\n\t\t</tr>\r\n\t\t<tr>\r\n\t\t\t<td>А16.07.058</td>\r\n\t\t\t<td>Лечение перикоронита (промывание, рассечение и/или иссечение капюшона)</td>\r\n\t\t\t<td>500</td>\r\n\t\t</tr>\r\n\t\t<tr>\r\n\t\t\t<td>А16.07.095.002</td>\r\n\t\t\t<td>Остановка луночного кровотечения с использованием<br />\r\n\t\t\tгемостатического материала</td>\r\n\t\t\t<td>200</td>\r\n\t\t</tr>\r\n\t\t<tr>\r\n\t\t\t<td>А16.07.097</td>\r\n\t\t\t<td>Наложение швов на слизистую оболочку</td>\r\n\t\t\t<td>300</td>\r\n\t\t</tr>\r\n\t</tbody>\r\n</table>", "slug": "ortopedicheskie-uslugi", "category": 4, "image": "", "created_at": "2023-04-27T16:25:10Z", "meta_title": "Ортопедические услуги", "meta_description": "", "meta_keywords": null, "content_blocks": []}}, {"model": "articles.post", "pk": 16, "fields": {"title": "Скидка на профессиональную чистку зубов", "short_description": null, "content_ckeditor": "<p>Получите идеальную улыбку этим летом со скидкой на профессиональную чистку зубов! Только в нашей клинике вы можете получить профессиональную чистку зубов всего за 2500 рублей. Наша команда специалистов гарантирует высокое качество услуг и использование передовых технологий для достижения наилучших результатов. Не упустите этот шанс на сияющую улыбку - записывайтесь на прием уже сегодня!</p>", "slug": "skidka-na-professionalnuyu-chistku-zubov", "category": 5, "image": "", "created_at": "2023-04-28T06:40:59.695Z", "meta_title": null, "meta_description": "", "meta_keywords": null, "content_blocks": []}}, {"model": "articles.post", "pk": 17, "fields": {"title": "Акция выходного дня!", "short_description": null, "content_ckeditor": "<p>Вы ищете надежного стоматолога и хотите сэкономить на лечении зубов? Наша клиника приглашает Вас на выходные дни! Каждую субботу мы предоставляем скидку 15% на лечение новым пациентам. Мы ценим каждого нашего клиента и готовы предложить только лучшее качество услуг по доступным ценам. Наш опытный персонал, современное оборудование и индивидуальный подход помогут Вам получить прекрасный результат и вернуть улыбку на лицо. Запишитесь на прием уже сегодня и получите максимальную выгоду от лечения в нашей клинике!</p>", "slug": "akciya-vyhodnogo-dnya", "category": 5, "image": "", "created_at": "2023-04-28T06:41:49.058Z", "meta_title": null, "meta_description": "", "meta_keywords": null, "content_blocks": []}}, {"model": "articles.post", "pk": 18, "fields": {"title": "Подарочные сертификаты", "short_description": "", "content_ckeditor": "<p>Подарочные сертификаты - это прекрасный способ порадовать близкого человека и подарить ему &quot;дорогую&quot; улыбку. Наша стоматологическая клиника предлагает подарочные сертификаты на любые услуги: от профессиональной чистки зубов до имплантации зубов. Это отличный подарок для тех, кто ценит красивую улыбку и здоровые зубы. Кроме того, сертификаты могут быть приятным сюрпризом для любого праздника: дня рождения, юбилея, 8 Марта и Нового года. Сделайте своего близкого человека счастливым с помощью наших подарочных сертификатов.</p>", "slug": "podarochnye-sertifikaty", "category": 5, "image": "", "created_at": "2023-04-28T06:42:47.099Z", "meta_title": "Подарочные сертификаты", "meta_description": "Подарочные сертификаты", "meta_keywords": null, "content_blocks": []}}, {"model": "articles.post", "pk": 19, "fields": {"title": "Врач Cтоматолог Специалист", "short_description": "Врач стоматолог", "content_ckeditor": "<p>Врач стоматолог - это специалист, который занимается диагностикой, лечением и профилактикой заболеваний полости рта и зубов. Он имеет широкий спектр знаний в области стоматологии, включая анатомию зубов, патологию полости рта, микробиологию, фармакологию и техники обработки зубов.</p>\r\n\r\n<p>Врач стоматолог проводит осмотр полости рта, определяет причину заболевания и разрабатывает индивидуальный план лечения. Он может выполнять такие процедуры, как удаление кариеса, лечение зубов и десен, установку пломб, коронок и мостов, а также решение эстетических проблем, таких как отбеливание зубов и установка виниров.</p>\r\n\r\n<p>Врач стоматолог использует современное оборудование и технологии для обеспечения наилучшего результата лечения. Он также обеспечивает пациентов информацией о том, как правильно ухаживать за зубами и деснами, чтобы сохранить их здоровье и красоту на долгие годы.</p>", "slug": "vrach-stomatolog", "category": 3, "image": "parfenyuk_x9pibBg.jpeg", "created_at": "2023-05-03T01:02:07.701Z", "meta_title": null, "meta_description": "", "meta_keywords": null, "content_blocks": []}}, {"model": "articles.menuitem", "pk": 1, "fields": {"title": "Услуги", "url": "uslugi", "order": 0, "is_active": true, "is_main_menu": true, "is_mobile_menu": true, "is_footer_menu": true, "is_other_menu": true, "category": 1}}, {"model": "articles.menuitem", "pk": 2, "fields": {"title": "Наши работы", "url": "raboty", "order": 1, "is_active": false, "is_main_menu": true, "is_mobile_menu": true, "is_footer_menu": true, "is_other_menu": false, "category": null}}, {"model": "articles.menuitem", "pk": 3, "fields": {"title": "Наши специалисты", "url": "article/specialisty/", "order": 2, "is_active": true, "is_main_menu": true, "is_mobile_menu": true, "is_footer_menu": true, "is_other_menu": true, "category": 3}}, {"model": "articles.menuitem", "pk": 4, "fields": {"title": "Акции", "url": "", "order": 3, "is_active": true, "is_main_menu": true, "is_mobile_menu": true, "is_footer_menu": true, "is_other_menu": true, "category": 5}}, {"model": "articles.menuitem", "pk": 5, "fields": {"title": "Цены", "url": "article/price", "order": 4, "is_active": true, "is_main_menu": true, "is_mobile_menu": true, "is_footer_menu": true, "is_other_menu": true, "category": 4}}, {"model": "articles.menuitem", "pk": 6, "fields": {"title": "Статьи", "url": "staty", "order": 6, "is_active": true, "is_main_menu": true, "is_mobile_menu": true, "is_footer_menu": true, "is_other_menu": false, "category": 2}}, {"model": "articles.menuitem", "pk": 7, "fields": {"title": "О нас", "url": "o-nas", "order": 5, "is_active": true, "is_main_menu": true, "is_mobile_menu": true, "is_footer_menu": true, "is_other_menu": true, "category": null}}, {"model": "articles.menuitem", "pk": 8, "fields": {"title": "Контакты", "url": "contacts", "order": 7, "is_active": true, "is_main_menu": true, "is_mobile_menu": true, "is_footer_menu": false, "is_other_menu": true, "category": null}}, {"model": "articles.menuitem", "pk": 9, "fields": {"title": "Отзывы", "url": "reviews", "order": 8, "is_active": true, "is_main_menu": true, "is_mobile_menu": true, "is_footer_menu": false, "is_other_menu": false, "category": null}}, {"model": "articles.page", "pk": 1, "fields": {"title": "Главная", "slug": null, "content_ckeditor": "", "created_at": "2023-04-25T07:33:39.182Z", "updated_at": "2023-04-25T07:33:39.182Z", "is_homepage": true, "meta_title": "Стоматологическая клиника КариесаНет", "meta_description": "Стоматологическая клиника КариесаНет Стоматологическая клиника КариесаНет", "meta_keywords": null, "content_blocks": [1, 2]}}, {"model": "articles.page", "pk": 2, "fields": {"title": "Контакты", "slug": "contacts", "content_ckeditor": "<div class=\"contacts_main_page\">\r\n<div class=\"addr\">\r\n<p>Томск, ул. Белинского, 53Б, (офис 202, этаж 2)</p>\r\n\r\n<p>Ближайшие остановки:</p>\r\n\r\n<div class=\"list_a1\">\r\n<ul>\r\n\t<li>ТЭМЗ на Ленина</li>\r\n\t<li>Политехнический университет на Кирова</li>\r\n\t<li>Вершинина на Учебной</li>\r\n</ul>\r\n\r\n<div class=\"cont_social_main\">\r\n<p><a href=\"https://t.me/+79521522510\" target=\"_blank\"><img alt=\"\" src=\"/media/uploads/2023/04/28/telega.png\" style=\"height:80px; width:80px\" /></a>&nbsp;</p>\r\n\r\n<p><a href=\"https://wa.me/79521522510\" target=\"_blank\"><img alt=\"\" src=\"/media/uploads/2023/04/28/what.png\" style=\"height:80px; width:80px\" /></a></p>\r\n</div>\r\n</div>\r\n\r\n<p><a href=\"tel:+73822555775\">(3822) 55-57-75</a></p>\r\n\r\n<p><a href=\"tel:+79521522510\">8-952-152-25-10</a> МТС - сотовый</p>\r\n\r\n<p><a href=\"tel:+73822942510\">(3822) 94-25-10</a></p>\r\n</div>\r\n</div>", "created_at": "2023-04-25T14:03:32.989Z", "updated_at": "2023-04-25T14:03:32.989Z", "is_homepage": false, "meta_title": "Контакты", "meta_description": "", "meta_keywords": null, "content_blocks": []}}, {"model": "articles.page", "pk": 4, "fields": {"title": "О нас", "slug": "o-nas", "content_ckeditor": "<p>Врач стоматолог - это специалист, который занимается диагностикой, лечением и профилактикой заболеваний полости рта и зубов. Он имеет широкий спектр знаний в области стоматологии, включая анатомию зубов, патологию полости рта, микробиологию, фармакологию и техники обработки зубов.</p>\r\n\r\n<p>Врач стоматолог проводит осмотр полости рта, определяет причину заболевания и разрабатывает индивидуальный план лечения. Он может выполнять такие процедуры, как удаление кариеса, лечение зубов и десен, установку пломб, коронок и мостов, а также решение эстетических проблем, таких как отбеливание зубов и установка виниров.</p>\r\n\r\n<p>Врач стоматолог использует современное оборудование и технологии для обеспечения наилучшего результата лечения. Он также обеспечивает пациентов информацией о том, как правильно ухаживать за зубами и деснами, чтобы сохранить их здоровье и красоту на долгие годы.</p>\r\n\r\n<p>&nbsp;</p>\r\n\r\n<h2>Сертификаты и лицензии</h2>\r\n\r\n<div class=\"foto_random_main\"><img alt=\"\" class=\"slider-image\" src=\"/media/uploads/2023/04/28/whatsapp-image-2023-04-27-at-174003.jpeg\" /> <img alt=\"\" class=\"slider-image\" src=\"/media/uploads/2023/04/28/whatsapp-image-2023-04-27-at-174003-2.jpeg\" /> <img alt=\"\" class=\"slider-image\" src=\"/media/uploads/2023/04/28/whatsapp-image-2023-04-27-at-174004.jpeg\" /> <img alt=\"\" class=\"slider-image\" src=\"/media/uploads/2023/04/28/whatsapp-image-2023-04-27-at-174003_A6RJVgS.jpeg\" /> <img alt=\"\" class=\"slider-image\" src=\"/media/uploads/2023/04/28/whatsapp-image-2023-04-27-at-174004_1HcGOst.jpeg\" /></div>\r\n\r\n<div id=\"fullscreen-image\">\r\n<div id=\"close-fullscreen-image\">Закрыть</div>\r\n</div>", "created_at": "2023-04-29T00:45:57.628Z", "updated_at": "2023-04-29T00:45:57.628Z", "is_homepage": false, "meta_title": "О нас", "meta_description": "О нас", "meta_keywords": null, "content_blocks": []}}, {"model": "articles.page", "pk": 5, "fields": {"title": "Политика безопасности", "slug": "policy", "content_ckeditor": "<ol>\r\n\t<li>\r\n\t<h4>Общие положения</h4>\r\n\r\n\t<div>Настоящая политика обработки персональных данных составлена в соответствии с требованиями Федерального закона от 27.07.2006. №152-ФЗ &laquo;О персональных данных&raquo; и определяет порядок обработки персональных данных и меры по обеспечению безопасности персональных данных.</div>\r\n\r\n\t<ol>\r\n\t\t<li>Оператор ставит своей важнейшей целью и условием осуществления своей деятельности соблюдение прав и свобод человека и гражданина при обработке его персональных данных, в том числе защиты прав на неприкосновенность частной жизни, личную и семейную тайну.</li>\r\n\t\t<li>Настоящая политика Оператора в отношении обработки персональных данных (далее &ndash; Политика) применяется ко всей информации, которую Оператор может получить о посетителях веб-сайта https://kariesa-net.ru.</li>\r\n\t</ol>\r\n\t</li>\r\n\t<li>\r\n\t<h4>Основные понятия, используемые в Политике</h4>\r\n\r\n\t<ol>\r\n\t\t<li>Автоматизированная обработка персональных данных &ndash; обработка персональных данных с помощью средств вычислительной техники;</li>\r\n\t\t<li>Блокирование персональных данных &ndash; временное прекращение обработки персональных данных (за исключением случаев, если обработка необходима для уточнения персональных данных);</li>\r\n\t\t<li>Веб-сайт &ndash; совокупность графических и информационных материалов, а также программ для ЭВМ и баз данных, обеспечивающих их доступность в сети интернет по сетевому адресу https://kariesa-net.ru;</li>\r\n\t\t<li>Информационная система персональных данных &mdash; совокупность содержащихся в базах данных персональных данных, и обеспечивающих их обработку информационных технологий и технических средств;</li>\r\n\t\t<li>Обезличивание персональных данных &mdash; действия, в результате которых невозможно определить без использования дополнительной информации принадлежность персональных данных конкретному Пользователю или иному субъекту персональных данных;</li>\r\n\t\t<li>Обработка персональных данных &ndash; любое действие (операция) или совокупность действий (операций), совершаемых с использованием средств автоматизации или без использования таких средств с персональными данными, включая сбор, запись, систематизацию, накопление, хранение, уточнение (обновление, изменение), извлечение, использование, передачу (распространение, предоставление, доступ), обезличивание, блокирование, удаление, уничтожение персональных данных;</li>\r\n\t\t<li>Оператор &ndash; государственный орган, муниципальный орган, юридическое или физическое лицо, самостоятельно или совместно с другими лицами организующие и (или) осуществляющие обработку персональных данных, а также определяющие цели обработки персональных данных, состав персональных данных, подлежащих обработке, действия (операции), совершаемые с персональными данными;</li>\r\n\t\t<li>Персональные данные &ndash; любая информация, относящаяся прямо или косвенно к определенному или определяемому Пользователю веб-сайта https://kariesa-net.ru;</li>\r\n\t\t<li>Пользователь &ndash; любой посетитель веб-сайта https://kariesa-net.ru;</li>\r\n\t\t<li>Предоставление персональных данных &ndash; действия, направленные на раскрытие персональных данных определенному лицу или определенному кругу лиц;</li>\r\n\t\t<li>Распространение персональных данных &ndash; любые действия, направленные на раскрытие персональных данных неопределенному кругу лиц (передача персональных данных) или на ознакомление с персональными данными неограниченного круга лиц, в том числе обнародование персональных данных в средствах массовой информации, размещение в информационно-телекоммуникационных сетях или предоставление доступа к персональным данным каким-либо иным способом;</li>\r\n\t\t<li>Трансграничная передача персональных данных &ndash; передача персональных данных на территорию иностранного государства органу власти иностранного государства, иностранному физическому или иностранному юридическому лицу;</li>\r\n\t\t<li>Уничтожение персональных данных &ndash; любые действия, в результате которых персональные данные уничтожаются безвозвратно с невозможностью дальнейшего восстановления содержания персональных данных в информационной системе персональных данных и (или) результате которых уничтожаются материальные носители персональных данных.</li>\r\n\t</ol>\r\n\t</li>\r\n\t<li>\r\n\t<h4>Оператор может обрабатывать следующие персональные данные Пользователя</h4>\r\n\r\n\t<ol>\r\n\t\t<li>Электронный адрес;</li>\r\n\t\t<li>Номера телефонов;</li>\r\n\t\t<li>Также на сайте происходит сбор и обработка обезличенных данных о посетителях (в т.ч. файлов &laquo;cookie&raquo;) с помощью сервисов интернет-статистики (Яндекс Метрика и Гугл Аналитика и других).</li>\r\n\t\t<li>Вышеперечисленные данные далее по тексту Политики объединены общим понятием Персональные данные.</li>\r\n\t</ol>\r\n\t</li>\r\n\t<li>\r\n\t<h4>Цели обработки персональных данных</h4>\r\n\r\n\t<ol>\r\n\t\t<li>Цель обработки персональных данных Пользователя &mdash; заключение, исполнение и прекращение гражданско-правовых договоров; предоставление доступа Пользователю к сервисам, информации и/или материалам, содержащимся на сайте, оформление заказа, покупка/бронирование товара, оплата заказа, информирование Пользователя о состоянии заказа, получение от Пользователя отзыв о качестве обслуживания, посредством отправки электронных писем и SMS-сообщений, телефонных звонков.</li>\r\n\t\t<li>Также Оператор имеет право направлять Пользователю уведомления о новых продуктах и услугах, специальных предложениях и различных событиях. Пользователь всегда может отказаться от получения информационных сообщений, направив Оператору письмо на адрес электронной почты kariesa-net@yandex.ru с пометкой &laquo;Отказ от уведомлениях о новых продуктах и услугах и специальных предложениях&raquo;.</li>\r\n\t\t<li>Обезличенные данные Пользователей, собираемые с помощью сервисов интернет-статистики, служат для сбора информации о действиях Пользователей на сайте, улучшения качества сайта и его содержания.</li>\r\n\t</ol>\r\n\t</li>\r\n\t<li>\r\n\t<h4>Правовые основания обработки персональных данных</h4>\r\n\r\n\t<ol>\r\n\t\t<li>Оператор обрабатывает персональные данные Пользователя только в случае их заполнения и/или отправки Пользователем самостоятельно через специальные формы, расположенные на сайте https://kariesa-net.ru. Заполняя соответствующие формы и/или отправляя свои персональные данные Оператору, Пользователь выражает свое согласие с данной Политикой.</li>\r\n\t\t<li>Оператор обрабатывает обезличенные данные о Пользователе в случае, если это разрешено в настройках браузера Пользователя (включено сохранение файлов &laquo;cookie&raquo; и использование технологии JavaScript).</li>\r\n\t</ol>\r\n\t</li>\r\n\t<li>\r\n\t<h4>Порядок сбора, хранения, передачи и других видов обработки персональных данных</h4>\r\n\r\n\t<div>Безопасность персональных данных, которые обрабатываются Оператором, обеспечивается путем реализации правовых, организационных и технических мер, необходимых для выполнения в полном объеме требований действующего законодательства в области защиты персональных данных.</div>\r\n\r\n\t<ol>\r\n\t\t<li>Оператор обеспечивает сохранность персональных данных и принимает все возможные меры, исключающие доступ к персональным данным неуполномоченных лиц.</li>\r\n\t\t<li>Персональные данные Пользователя никогда, ни при каких условиях не будут переданы третьим лицам, за исключением случаев, связанных с исполнением действующего законодательства.</li>\r\n\t\t<li>В случае выявления неточностей в персональных данных, Пользователь может актуализировать их самостоятельно, путем направления Оператору уведомление на адрес электронной почты Оператора kariesa-net@yandex.ru c пометкой &laquo;Актуализация персональных данных&raquo;.</li>\r\n\t\t<li>Срок обработки персональных данных является неограниченным. Пользователь может в любой момент отозвать свое согласие на обработку персональных данных, направив Оператору уведомление посредством электронной почты на электронный адрес Оператора kariesa-net@yandex.ru с пометкой &laquo;Отзыв согласия на обработку персональных данных&raquo;.</li>\r\n\t</ol>\r\n\t</li>\r\n\t<li>\r\n\t<h4>Трансграничная передача персональных данных</h4>\r\n\r\n\t<ol>\r\n\t\t<li>Оператор до начала осуществления трансграничной передачи персональных данных обязан убедиться в том, что иностранным государством, на территорию которого предполагается осуществлять передачу персональных данных, обеспечивается надежная защита прав субъектов персональных данных.</li>\r\n\t\t<li>Трансграничная передача персональных данных на территории иностранных государств, не отвечающих вышеуказанным требованиям, может осуществляться только в случае наличия согласия в письменной форме субъекта персональных данных на трансграничную передачу его персональных данных и/или исполнения договора, стороной которого является субъект персональных данных.</li>\r\n\t</ol>\r\n\t</li>\r\n\t<li>\r\n\t<h4>Заключительные положения</h4>\r\n\r\n\t<ol>\r\n\t\t<li>Пользователь может получить любые разъяснения по интересующим вопросам, касающимся обработки его персональных данных, обратившись к Оператору с помощью электронной почты kariesa-net@yandex.ru.</li>\r\n\t\t<li>В данном документе будут отражены любые изменения политики обработки персональных данных Оператором. Политика действует бессрочно до замены ее новой версией.</li>\r\n\t\t<li>Актуальная версия Политики в свободном доступе расположена в сети Интернет по адресу https://kariesa-net.ru.</li>\r\n\t</ol>\r\n\t</li>\r\n</ol>", "created_at": "2023-04-29T01:22:50.737Z", "updated_at": "2023-04-29T01:22:50.737Z", "is_homepage": false, "meta_title": "Политика безопасности", "meta_description": "Политика безопасности", "meta_keywords": null, "content_blocks": []}}, {"model": "articles.contentblock", "pk": 1, "fields": {"title": "Главное описание", "number": 101, "content_ckeditor": "<div class=\"div_101\"><img alt=\"\" src=\"/media/uploads/2023/04/25/bb53t921isomt9evjrzkezj57sdpac9a_sX7y2o7.webp\" /></div>\r\n\r\n<p>Добро пожаловать в стоматологическую клинику &quot;Кариеса Нет&quot; в Томске! Мы - команда профессиональных стоматологов, которые заботятся о здоровье и красоте вашей улыбки. У нас вы найдете полный спектр стоматологических услуг - от профилактики и лечения кариеса до имплантации зубов и ортодонтических процедур. Мы используем современное оборудование и высококачественные материалы, чтобы обеспечить нашим пациентам максимальный комфорт и эффективность лечения. Мы гордимся нашей репутацией и стремимся к безупречному качеству услуг для каждого нашего пациента. Обращайтесь к нам и получите здоровую и красивую улыбку!</p>", "css_class": "post-101", "div_id": "post101"}}, {"model": "articles.contentblock", "pk": 2, "fields": {"title": "преимущества", "number": 102, "content_ckeditor": "<div class=\"item_wrap\">\r\n<div class=\"item\">\r\n<div class=\"image\"><img alt=\"\" src=\"/media/uploads/2023/04/25/preim-1.svg\" /></div>\r\n\r\n<div class=\"body-info\">\r\n<div class=\"title\">Идеальная улыбка: все, что нужно в одном месте</div>\r\n\r\n<div class=\"description twosmallfont\">Мы собрали лучших специалистов в области стоматологии, чтобы помочь нашим пациентам достичь идеальной улыбки. Независимо от того, нужно ли вам отбеливание зубов, исправление прикуса или установка виниров, мы предлагаем все необходимые услуги под одной крышей.</div>\r\n</div>\r\n</div>\r\n</div>\r\n\r\n<div class=\"item_wrap\">\r\n<div class=\"item\">\r\n<div class=\"image\"><img alt=\"\" src=\"/media/uploads/2023/04/25/preim-2.svg\" /></div>\r\n\r\n<div class=\"body-info\">\r\n<div class=\"title\">Безопасность и комфорт - наши основные приоритеты</div>\r\n\r\n<div class=\"description twosmallfont\">В клиниках используются только самые надежные материалы и оборудование от ведущих производителей. Мы постоянно следим за новейшими технологиями и стандартами в области стоматологии, чтобы предоставлять нашим пациентам максимально безопасные и комфортные услуги.</div>\r\n</div>\r\n</div>\r\n</div>\r\n\r\n<div class=\"item_wrap\">\r\n<div class=\"item\">\r\n<div class=\"image\"><img alt=\"\" src=\"/media/uploads/2023/04/25/preim-3.svg\" /></div>\r\n\r\n<div class=\"body-info\">\r\n<div class=\"title\">Индивидуальный подход к каждому пациенту</div>\r\n\r\n<div class=\"description twosmallfont\">Мы понимаем, что каждый пациент уникален, и его потребности могут отличаться. Поэтому мы предлагаем индивидуальный подход к каждому пациенту, начиная с детального анализа состояния зубов и создания персонального плана лечения.</div>\r\n</div>\r\n</div>\r\n</div>\r\n\r\n<div class=\"item_wrap\">\r\n<div class=\"item\">\r\n<div class=\"image\"><img alt=\"\" src=\"/media/uploads/2023/04/25/preim-1.svg\" /></div>\r\n\r\n<div class=\"body-info\">\r\n<div class=\"title\">Профессиональная гигиена полости рта</div>\r\n\r\n<div class=\"description twosmallfont\">Мы предлагаем профессиональную гигиену полости рта, которая помогает сохранять здоровье зубов и десен, предотвращает появление кариеса и пародонтита. Наша команда гигиенистов проводит тщательную чистку зубов, удаляет налет и камни, и дает рекомендации по уходу за полостью рта дома.</div>\r\n</div>\r\n</div>\r\n</div>\r\n\r\n<div class=\"item_wrap\">\r\n<div class=\"item\">\r\n<div class=\"image\"><img alt=\"\" src=\"/media/uploads/2023/04/25/preim-1.svg\" /></div>\r\n\r\n<div class=\"body-info\">\r\n<div class=\"title\">Удобство и доступность</div>\r\n\r\n<div class=\"description twosmallfont\">Мы стремимся сделать нашу стоматологическую клинику максимально удобной и доступной для наших пациентов. У нас есть гибкая система записи на прием, включая онлайн-бронирование, а также различные варианты оплаты и финансирования лечения.</div>\r\n</div>\r\n</div>\r\n</div>\r\n\r\n<div class=\"item_wrap\">\r\n<div class=\"item\">\r\n<div class=\"image\"><img alt=\"\" src=\"/media/uploads/2023/04/25/preim-1.svg\" /></div>\r\n\r\n<div class=\"body-info\">\r\n<div class=\"title\">Улучшаем здоровье и качество жизни</div>\r\n\r\n<div class=\"description twosmallfont\">Мы верим, что красивая улыбка - это не только дело эстетики, но и важный аспект общего здоровья и качества жизни. Поэтому мы предлагаем широкий спектр услуг, направленных на укрепление здоровья зубов и десен, и специализируемся на лечении заболеваний полости рта.</div>\r\n</div>\r\n</div>\r\n</div>", "css_class": "post-102", "div_id": "post102"}}, {"model": "articles.contentblock", "pk": 4, "fields": {"title": "Акции", "number": 5, "content_ckeditor": "<table>\r\n  <tbody>\r\n    <tr>\r\n      <th> Код услуги</th>\r\n      <th>Наименование услуги </th>\r\n      <th> стоимость</th>\r\n    </tr>\r\n    <tr>\r\n      <td> В01.003.004.001 </td>\r\n      <td> Аппликационная анестезия </td>\r\n      <td> 100</td>\r\n    </tr>\r\n    <tr>\r\n      <td> В01.003.004.002 </td>\r\n      <td> Инфильтрационная анестезия </td>\r\n      <td> 400</td>\r\n    </tr>\r\n    <tr>\r\n      <td> В01.003.004.003 </td>\r\n      <td> Проводниковая анестезия </td>\r\n      <td> 400</td>\r\n    </tr>\r\n    <tr>\r\n      <td> А16.07.001.001 </td>\r\n      <td> Удаление временного зуба </td>\r\n      <td> 500</td>\r\n    </tr>\r\n    <tr>\r\n      <td> А16.07.001.002 </td>\r\n      <td> Удаление подвижного зуба </td>\r\n      <td> 500</td>\r\n    </tr>\r\n    <tr>\r\n      <td> А16.07.001.003 </td>\r\n      <td> Удаление постоянного зуба простое </td>\r\n      <td> 1000</td>\r\n    </tr>\r\n    <tr>\r\n      <td> А16.07.001.004 </td>\r\n      <td> Удаление постоянного зуба сложное </td>\r\n      <td> 1500</td>\r\n    </tr>\r\n    <tr>\r\n      <td> А16. 07.011 </td>\r\n      <td> Вскрытие подслизистого или\r\n        поднадкостничного очага воспаления полости рта  </td>\r\n      <td> 500</td>\r\n    </tr>\r\n    <tr>\r\n      <td> А16.07.014 </td>\r\n      <td> Вскрытие и дренирование абсцесса полости рта  </td>\r\n      <td> 500</td>\r\n    </tr>\r\n    <tr>\r\n      <td> А16.07.058 </td>\r\n      <td> Лечение перикоронита (промывание, рассечение и/или иссечение капюшона) </td>\r\n      <td> 500</td>\r\n    </tr>\r\n    <tr>\r\n      <td> А16.07.095.002 </td>\r\n      <td>\r\n         Остановка луночного кровотечения с использованием <br> гемостатического \r\n        материала    </td>\r\n      <td> 200</td>\r\n    </tr>\r\n    <tr>\r\n      <td> А16.07.097 </td>\r\n      <td> Наложение швов на слизистую оболочку            </td>\r\n      <td> 300</td>\r\n    </tr>\r\n  </tbody>\r\n</table>", "css_class": "table_price", "div_id": null}}, {"model": "users.user", "pk": 1, "fields": {"password": "pbkdf2_sha256$600000$SFDslbFw4ep1vMyxjX9SEV$UeBUlRjtbNWMqVYxznli735TR4eMiJaa8Y0YYzqWuas=", "last_login": "2023-05-18T14:22:43.034Z", "is_superuser": true, "username": "Vins", "first_name": "", "last_name": "", "is_staff": true, "is_active": true, "date_joined": "2023-04-25T04:30:37.554Z", "role": "Пользователь", "phone": null, "email": "mosinyy87@yandex.ru", "groups": [], "user_permissions": []}}, {"model": "banner.slider", "pk": 1, "fields": {"title": "Подарочные сертификаты", "text": "Подарочные сертификаты - это прекрасный способ порадовать близкого человека", "link": "/post/podarochnye-sertifikaty/", "slug": "", "image": "sliders/stomatologija.jpg", "image_mobile": "", "is_mobile": false, "header_type": "h2"}}, {"model": "banner.slider", "pk": 2, "fields": {"title": "Акция выходного дня!", "text": "Вы ищете надежного стоматолога и хотите сэкономить на лечении зубов?", "link": "/post/akciya-vyhodnogo-dnya/", "slug": "", "image": "sliders/stomatologija_CbxqqzU.jpg", "image_mobile": "", "is_mobile": false, "header_type": "h2"}}, {"model": "reviews.review", "pk": 1, "fields": {"name": "Евгения", "email": "", "phone": null, "text": "Очень много лет посещаю эту стоматологию и все мои родные тоже. Отличная стоматология!!! Все очень вежливые, приятные и отзывчивые. Регистратор Юлия, отзывчивая и вежливая,всегда помогает найти удобное время для посещения, вовремя сделать замену между пациентами. Наш лечащий врач Анастасия Александровна, мы ей очень довольны, замечательный спец своего дела. Очень приятная и приветливая, работа у неё всегда качественная! Долгих лет Вам работы! А мы всегда будем посещать эту стоматологию.", "created_at": "2022-09-15T12:16:17Z", "is_enabled": true}}, {"model": "reviews.review", "pk": 2, "fields": {"name": "Евгений Игоревич", "email": "", "phone": null, "text": "Пришёл с пульпитом годовой выдержки, какое-то время питался пенталгином почти нон-стопом.\r\nБоялся малоизвесности и возможной дороговизны.\r\nПролечил в два захода зуб, вышло в 5,5 тыс. руб в целом, параллельно заплатил 2,5 кРуб за чистку зубов от камня.\r\nКачество: клиника маленькая, но уровень обслуживания и цены -- на соблазнительном уровне.\r\nРекомендую.", "created_at": "2022-12-10T14:20:04Z", "is_enabled": true}}, {"model": "reviews.review", "pk": 3, "fields": {"name": "Андрей Иванович", "email": "", "phone": null, "text": "Хорошо сделали мне очень сложный зуб. Никто не хотел за него браться, а у них получилось! ))) Спасибо огромное!", "created_at": "2023-04-26T02:20:08Z", "is_enabled": true}}, {"model": "reviews.review", "pk": 4, "fields": {"name": "Юра М", "email": "mosiny87@gmail.com", "phone": "+79234195487", "text": "васывсмвысывм", "created_at": "2023-04-26T02:21:59.023Z", "is_enabled": true}}, {"model": "reviews.review", "pk": 5, "fields": {"name": "Юра М", "email": "mosiny87@gmail.com", "phone": "+79234195487", "text": "высвысывсвыс", "created_at": "2023-04-26T02:26:52.787Z", "is_enabled": true}}, {"model": "reviews.review", "pk": 6, "fields": {"name": "Юра М", "email": "mosiny87@gmail.com", "phone": "+79234195487", "text": "туц", "created_at": "2023-04-26T02:31:25.325Z", "is_enabled": true}}, {"model": "reviews.review", "pk": 7, "fields": {"name": "Юра М", "email": "mosiny87@gmail.com", "phone": "+79234195487", "text": "туцфычыфч", "created_at": "2023-04-26T02:32:18.461Z", "is_enabled": true}}, {"model": "reviews.review", "pk": 21, "fields": {"name": "уцвцуауца", "email": "mosiny87@gmail.com", "phone": "+79234195487", "text": "чсывсыфсфысфы", "created_at": "2023-04-28T05:24:53.506Z", "is_enabled": false}}, {"model": "reviews.review", "pk": 22, "fields": {"name": "фысфысфыс", "email": "mosiny87@gmail.com", "phone": "+79234195487", "text": "ыфвсыфсфы", "created_at": "2023-04-28T05:26:55.536Z", "is_enabled": false}}, {"model": "reviews.review", "pk": 23, "fields": {"name": "ыфвфывфывфыв ыфсфыс", "email": "mosiny87@gmail.com", "phone": "+79234195487", "text": "фывфывфыв", "created_at": "2023-04-28T05:31:01.072Z", "is_enabled": false}}, {"model": "reviews.review", "pk": 24, "fields": {"name": "Юра Мфыыфыф", "email": "mosiny87@gmail.com", "phone": "+79234195487", "text": "ыфвыфвфыфывыфв", "created_at": "2023-04-28T05:32:43.253Z", "is_enabled": false}}, {"model": "reviews.review", "pk": 25, "fields": {"name": "Юра Мфыыфыф", "email": "mosiny87@gmail.com", "phone": "+79234195487", "text": "ыфвыфвфыфывыфв", "created_at": "2023-04-28T05:32:47.964Z", "is_enabled": false}}, {"model": "reviews.review", "pk": 26, "fields": {"name": "Юра Мыфвфывфы", "email": "mosiny87@gmail.com", "phone": "+79234195487", "text": "ыфвфывфывфы", "created_at": "2023-04-28T05:32:57.349Z", "is_enabled": false}}, {"model": "reviews.review", "pk": 27, "fields": {"name": "Юра Мqqqqq", "email": "mosiny87@gmail.com", "phone": "+79234195487", "text": "qqqqq1111", "created_at": "2023-04-28T05:38:11.647Z", "is_enabled": false}}, {"model": "reviews.review", "pk": 28, "fields": {"name": "Юра М", "email": "mosiny87@gmail.com", "phone": "+79234195487", "text": "scsacascasc 121", "created_at": "2023-04-28T05:41:09.785Z", "is_enabled": false}}, {"model": "reviews.review", "pk": 29, "fields": {"name": "Юра М", "email": "mosiny87@gmail.com", "phone": "+79234195487", "text": "ывфывфыв", "created_at": "2023-04-29T01:46:14.938Z", "is_enabled": false}}, {"model": "reviews.review", "pk": 30, "fields": {"name": "Юра М", "email": "mosiny87@gmail.com", "phone": "+79234195487", "text": "ывфывфыв", "created_at": "2023-04-29T01:46:23.494Z", "is_enabled": false}}, {"model": "reviews.review", "pk": 31, "fields": {"name": "Юра М", "email": "mosiny87@gmail.com", "phone": "+79234195487", "text": "ыфвыфвфы11111", "created_at": "2023-04-29T01:49:29.321Z", "is_enabled": false}}, {"model": "reviews.review", "pk": 32, "fields": {"name": "Юра М", "email": "mosiny87@gmail.com", "phone": "+79234195487", "text": "явыфвфыв", "created_at": "2023-05-03T03:10:53.991Z", "is_enabled": false}}, {"model": "mail_post.message", "pk": 1, "fields": {"name": "Юра М", "email": "mosiny87@gmail.com", "phone_number": "+79234195487", "message": "привет вссем", "created_at": "2023-04-26T04:34:56.640Z"}}, {"model": "mail_post.message", "pk": 2, "fields": {"name": "Юра М", "email": "mosiny87@gmail.com", "phone_number": "+79234195487", "message": "ыфсфысфысыфсфыс", "created_at": "2023-04-28T04:52:50.097Z"}}, {"model": "mail_post.message", "pk": 3, "fields": {"name": "Юра М", "email": "mosiny87@gmail.com", "phone_number": "+79234195487", "message": "ыфсфысфысыфсфыс", "created_at": "2023-04-28T04:53:03.111Z"}}, {"model": "mail_post.message", "pk": 4, "fields": {"name": "Юра М", "email": "mosiny87@gmail.com", "phone_number": "+79234195487", "message": "сообщение", "created_at": "2023-04-28T04:57:04.863Z"}}, {"model": "mail_post.message", "pk": 5, "fields": {"name": "Юра М", "email": "mosiny87@gmail.com", "phone_number": "+79234195487", "message": "ыфвфывфывфы", "created_at": "2023-04-28T04:58:36.410Z"}}, {"model": "mail_post.message", "pk": 6, "fields": {"name": "Юра М", "email": "mosiny87@gmail.com", "phone_number": "+79234195487", "message": "ысыфсфысфысфыыфс", "created_at": "2023-04-28T04:59:03.959Z"}}, {"model": "mail_post.message", "pk": 7, "fields": {"name": "Юра М", "email": "mosiny87@gmail.com", "phone_number": "+79234195487", "message": "ысыфсфысфысфыыфс", "created_at": "2023-04-28T04:59:21.600Z"}}, {"model": "mail_post.message", "pk": 8, "fields": {"name": "Юра М", "email": "mosiny87@gmail.com", "phone_number": "+79234195487", "message": "ыфсфысфысф", "created_at": "2023-04-28T05:01:22.327Z"}}, {"model": "mail_post.message", "pk": 9, "fields": {"name": "Юра М", "email": "mosiny87@gmail.com", "phone_number": "+79234195487", "message": "сыфсфысфысфы", "created_at": "2023-04-28T05:05:17.059Z"}}, {"model": "mail_post.message", "pk": 10, "fields": {"name": "Юра М", "email": "mosiny87@gmail.com", "phone_number": "+79234195487", "message": "sdsadasdasda 1111", "created_at": "2023-04-28T05:07:58.038Z"}}, {"model": "mail_post.message", "pk": 11, "fields": {"name": "Юра М", "email": "mosiny87@gmail.com", "phone_number": "+79234195487", "message": "aac", "created_at": "2023-04-28T05:08:26.148Z"}}, {"model": "mail_post.message", "pk": 12, "fields": {"name": "Юра М", "email": "mosiny87@gmail.com", "phone_number": "+79234195487", "message": "асывсыфсфс", "created_at": "2023-04-28T05:10:13.997Z"}}, {"model": "mail_post.message", "pk": 13, "fields": {"name": "Юра М", "email": "mosiny87@gmail.com", "phone_number": "+79234195487", "message": "ысфсфыс", "created_at": "2023-04-28T05:13:15.316Z"}}, {"model": "mail_post.message", "pk": 14, "fields": {"name": "Юра М", "email": "mosiny87@gmail.com", "phone_number": "+79234195487", "message": "ыфсфысыф", "created_at": "2023-04-28T05:14:29.350Z"}}, {"model": "mail_post.message", "pk": 15, "fields": {"name": "Юра М", "email": "mosiny87@gmail.com", "phone_number": "+79234195487", "message": "ыфсфысыф", "created_at": "2023-04-28T05:14:32.423Z"}}, {"model": "mail_post.message", "pk": 16, "fields": {"name": "Юра М", "email": "mosiny87@gmail.com", "phone_number": "+79234195487", "message": "ыфсфсыфсфы", "created_at": "2023-04-28T05:14:44.088Z"}}, {"model": "mail_post.message", "pk": 17, "fields": {"name": "Юра М", "email": "mosiny87@gmail.com", "phone_number": "+79234195487", "message": "орпропри", "created_at": "2023-04-28T05:16:07.773Z"}}, {"model": "mail_post.message", "pk": 18, "fields": {"name": "ыфвыфв", "email": "mosiny87@gmail.com", "phone_number": "+79562552200", "message": "фывфыв", "created_at": "2023-04-28T05:20:56.204Z"}}, {"model": "mail_post.message", "pk": 19, "fields": {"name": "Юра М", "email": "mosiny87@gmail.com", "phone_number": "+79234195487", "message": "ссфысфысф11111", "created_at": "2023-04-28T05:21:30.451Z"}}, {"model": "mail_post.message", "pk": 20, "fields": {"name": "ыфвыфв", "email": "mosiny87@gmail.com", "phone_number": "+79562552200", "message": "фывфыв", "created_at": "2023-04-28T05:22:50.276Z"}}, {"model": "mail_post.message", "pk": 21, "fields": {"name": "ыфвыфв", "email": "mosiny87@gmail.com", "phone_number": "+79562552200", "message": "фывфыв", "created_at": "2023-04-28T05:22:52.967Z"}}, {"model": "mail_post.message", "pk": 22, "fields": {"name": "Юра М", "email": "mosiny87@gmail.com", "phone_number": "+79234195487", "message": "сфысфс", "created_at": "2023-04-28T05:23:02.506Z"}}, {"model": "mail_post.message", "pk": 23, "fields": {"name": "Юра М", "email": "mosiny87@gmail.com", "phone_number": "+79234195487", "message": "сфысфс", "created_at": "2023-04-28T05:23:19.689Z"}}, {"model": "mail_post.message", "pk": 24, "fields": {"name": "Юра Мsadasdasd", "email": "mosiny87@gmail.com", "phone_number": "+79234195487", "message": "asdasdasd", "created_at": "2023-04-28T05:37:35.595Z"}}, {"model": "mail_post.message", "pk": 25, "fields": {"name": "Юра М", "email": "mosiny87@gmail.com", "phone_number": "+79234195487", "message": "выаывавыа", "created_at": "2023-05-03T03:04:12.559Z"}}, {"model": "mail_post.message", "pk": 26, "fields": {"name": "Юра М", "email": "mosiny87@gmail.com", "phone_number": "+79234195487", "message": "фывфывфыв", "created_at": "2023-05-03T03:05:12.451Z"}}, {"model": "mail_post.message", "pk": 27, "fields": {"name": "Юра М", "email": "mosiny87@gmail.com", "phone_number": "+79234195487", "message": "ывфывфывфыв", "created_at": "2023-05-03T03:06:45.921Z"}}, {"model": "mail_post.message", "pk": 28, "fields": {"name": "Юра М", "email": "mosiny87@gmail.com", "phone_number": "+79234195487", "message": "вафывфывфы", "created_at": "2023-05-03T03:08:12.177Z"}}, {"model": "mail_post.message", "pk": 29, "fields": {"name": "Юра М", "email": "mosiny87@gmail.com", "phone_number": "+79234195487", "message": "ыфсфсфыс", "created_at": "2023-05-03T03:20:06.760Z"}}, {"model": "config_site.config", "pk": 1, "fields": {"phone_number": "8-952-152-25-10", "phone_url": "+79521522510", "address": "ул. Белинского, 53Б", "email": "mosinyy87@yandex.ru", "email_site": "Kariesa-net@yandex.ru", "logo": "media/logo_Z22cpRF.webp", "telegram": "https://t.me/+79521522510", "telegram_img": "social_icons/telega.png", "whatsapp": "https://wa.me/79521522510", "whatsapp_img": "social_icons/what.png", "instagram": null, "instagram_img": "", "vk": null, "vk_img": "", "facebook": null, "facebook_img": "", "other": null, "other_img": "", "random": null, "random_img": ""}}]